-- phpMyAdmin SQL Dump
-- version 5.2.0
-- https://www.phpmyadmin.net/
--
-- Host: 127.0.0.1
-- Generation Time: Jun 25, 2026 at 08:20 PM
-- Server version: 10.4.27-MariaDB
-- PHP Version: 7.4.33

SET SQL_MODE = "NO_AUTO_VALUE_ON_ZERO";
START TRANSACTION;
SET time_zone = "+00:00";


/*!40101 SET @OLD_CHARACTER_SET_CLIENT=@@CHARACTER_SET_CLIENT */;
/*!40101 SET @OLD_CHARACTER_SET_RESULTS=@@CHARACTER_SET_RESULTS */;
/*!40101 SET @OLD_COLLATION_CONNECTION=@@COLLATION_CONNECTION */;
/*!40101 SET NAMES utf8mb4 */;

--
-- Database: `sipakar360_laporan`
--

-- --------------------------------------------------------

--
-- Table structure for table `akhlak_values`
--

CREATE TABLE `akhlak_values` (
  `akhlak_id` int(11) NOT NULL,
  `akhlak_name` varchar(80) NOT NULL,
  `akhlak_description` varchar(255) DEFAULT NULL
) ENGINE=InnoDB DEFAULT CHARSET=utf8mb4 COLLATE=utf8mb4_general_ci;

--
-- Dumping data for table `akhlak_values`
--

INSERT INTO `akhlak_values` (`akhlak_id`, `akhlak_name`, `akhlak_description`) VALUES
(1, 'Amanah', 'Memegang teguh kepercayaan yang diberikan'),
(2, 'Kompeten', 'Terus belajar dan mengembangkan kapabilitas'),
(3, 'Harmonis', 'Saling peduli dan menghargai perbedaan'),
(4, 'Loyal', 'Berdedikasi dan mengutamakan kepentingan bangsa dan negara'),
(5, 'Adaptif', 'Terus berinovasi dan antusias dalam menggerakkan perubahan'),
(6, 'Kolaboratif', 'Membangun kerja sama yang sinergis');

-- --------------------------------------------------------

--
-- Table structure for table `assessments`
--

CREATE TABLE `assessments` (
  `assessment_id` int(11) NOT NULL,
  `evaluator_id` int(11) NOT NULL,
  `evaluatee_id` int(11) NOT NULL,
  `period_id` int(11) NOT NULL,
  `assessment_type` varchar(50) NOT NULL,
  `assessment_date` date DEFAULT NULL,
  `assessment_status` varchar(30) DEFAULT 'draft'
) ENGINE=InnoDB DEFAULT CHARSET=utf8mb4 COLLATE=utf8mb4_general_ci;

--
-- Dumping data for table `assessments`
--

INSERT INTO `assessments` (`assessment_id`, `evaluator_id`, `evaluatee_id`, `period_id`, `assessment_type`, `assessment_date`, `assessment_status`) VALUES
(1, 4, 4, 1, 'self', '2026-06-01', 'submitted'),
(2, 5, 4, 1, 'peer', '2026-06-02', 'submitted'),
(3, 6, 4, 1, 'peer', '2026-06-03', 'submitted'),
(4, 3, 4, 1, 'supervisor', '2026-06-04', 'submitted'),
(5, 4, 5, 1, 'peer', '2026-06-03', 'submitted'),
(6, 3, 5, 1, 'supervisor', '2026-06-04', 'submitted'),
(7, 5, 5, 1, 'self', '2026-06-01', 'submitted'),
(8, 3, 6, 1, 'supervisor', '2026-06-04', 'submitted'),
(9, 6, 6, 1, 'self', '2026-06-01', 'submitted'),
(10, 4, 8, 1, 'peer', '2026-06-05', 'submitted'),
(11, 8, 8, 1, 'self', '2026-06-05', 'submitted'),
(12, 3, 8, 1, 'supervisor', '2026-06-05', 'submitted'),
(13, 4, 3, 1, 'subordinate', '2026-06-06', 'submitted'),
(14, 8, 3, 1, 'subordinate', '2026-06-06', 'submitted'),
(15, 3, 3, 1, 'self', '2026-06-06', 'submitted'),
(16, 1, 1, 1, 'self', '2026-06-18', 'submitted'),
(17, 2, 2, 1, 'self', '2026-06-18', 'submitted'),
(18, 2, 1, 1, 'subordinate', '2026-06-18', 'submitted'),
(19, 7, 7, 1, 'self', '2026-06-12', 'submitted'),
(20, 1, 7, 1, 'supervisor', '2026-06-12', 'submitted'),
(21, 9, 7, 1, 'peer', '2026-06-12', 'submitted'),
(22, 2, 7, 1, 'subordinate', '2026-06-12', 'submitted'),
(23, 9, 9, 1, 'self', '2026-06-12', 'submitted'),
(24, 1, 9, 1, 'supervisor', '2026-06-12', 'submitted'),
(25, 10, 9, 1, 'peer', '2026-06-12', 'submitted'),
(26, 10, 10, 1, 'self', '2026-06-12', 'submitted'),
(27, 3, 10, 1, 'supervisor', '2026-06-12', 'submitted'),
(28, 13, 10, 1, 'peer', '2026-06-12', 'submitted'),
(29, 3, 10, 1, 'subordinate', '2026-06-12', 'submitted'),
(30, 11, 11, 1, 'self', '2026-06-12', 'submitted'),
(31, 2, 11, 1, 'supervisor', '2026-06-12', 'submitted'),
(32, 17, 11, 1, 'peer', '2026-06-12', 'submitted'),
(33, 12, 12, 1, 'self', '2026-06-12', 'submitted'),
(34, 3, 12, 1, 'supervisor', '2026-06-12', 'submitted'),
(35, 3, 12, 1, 'peer', '2026-06-12', 'submitted'),
(36, 13, 13, 1, 'self', '2026-06-12', 'submitted'),
(37, 3, 13, 1, 'supervisor', '2026-06-12', 'submitted'),
(38, 9, 13, 1, 'peer', '2026-06-12', 'submitted'),
(39, 14, 14, 1, 'self', '2026-06-12', 'submitted'),
(40, 7, 14, 1, 'supervisor', '2026-06-12', 'submitted'),
(41, 5, 14, 1, 'peer', '2026-06-12', 'submitted'),
(42, 15, 14, 1, 'subordinate', '2026-06-12', 'submitted'),
(43, 15, 15, 1, 'self', '2026-06-12', 'submitted'),
(44, 14, 15, 1, 'supervisor', '2026-06-12', 'submitted'),
(45, 14, 15, 1, 'peer', '2026-06-12', 'submitted'),
(46, 16, 16, 1, 'self', '2026-06-12', 'submitted'),
(47, 3, 16, 1, 'supervisor', '2026-06-12', 'submitted'),
(48, 3, 16, 1, 'peer', '2026-06-12', 'submitted'),
(49, 17, 17, 1, 'self', '2026-06-12', 'submitted'),
(50, 2, 17, 1, 'supervisor', '2026-06-12', 'submitted'),
(51, 11, 17, 1, 'peer', '2026-06-12', 'submitted'),
(52, 18, 18, 1, 'self', '2026-06-12', 'submitted'),
(53, 3, 18, 1, 'supervisor', '2026-06-12', 'submitted'),
(54, 10, 18, 1, 'peer', '2026-06-12', 'submitted'),
(55, 1, 1, 2, 'self', '2026-12-12', 'submitted'),
(56, 11, 1, 2, 'peer', '2026-12-12', 'submitted'),
(57, 7, 1, 2, 'subordinate', '2026-12-12', 'submitted'),
(58, 2, 2, 2, 'self', '2026-12-12', 'submitted'),
(59, 7, 2, 2, 'supervisor', '2026-12-12', 'submitted'),
(60, 17, 2, 2, 'peer', '2026-12-12', 'submitted'),
(61, 5, 2, 2, 'subordinate', '2026-12-12', 'submitted'),
(62, 3, 3, 2, 'self', '2026-12-12', 'submitted'),
(63, 10, 3, 2, 'supervisor', '2026-12-12', 'submitted'),
(64, 16, 3, 2, 'peer', '2026-12-12', 'submitted'),
(65, 4, 3, 2, 'subordinate', '2026-12-12', 'submitted'),
(66, 4, 4, 2, 'self', '2026-12-12', 'submitted'),
(67, 3, 4, 2, 'supervisor', '2026-12-12', 'submitted'),
(68, 3, 4, 2, 'peer', '2026-12-12', 'submitted'),
(69, 5, 5, 2, 'self', '2026-12-12', 'submitted'),
(70, 2, 5, 2, 'supervisor', '2026-12-12', 'submitted'),
(71, 15, 5, 2, 'peer', '2026-12-12', 'submitted'),
(72, 6, 6, 2, 'self', '2026-12-12', 'submitted'),
(73, 3, 6, 2, 'supervisor', '2026-12-12', 'submitted'),
(74, 13, 6, 2, 'peer', '2026-12-12', 'submitted'),
(75, 7, 7, 2, 'self', '2026-12-12', 'submitted'),
(76, 1, 7, 2, 'supervisor', '2026-12-12', 'submitted'),
(77, 9, 7, 2, 'peer', '2026-12-12', 'submitted'),
(78, 2, 7, 2, 'subordinate', '2026-12-12', 'submitted'),
(79, 8, 8, 2, 'self', '2026-12-12', 'submitted'),
(80, 3, 8, 2, 'supervisor', '2026-12-12', 'submitted'),
(81, 3, 8, 2, 'peer', '2026-12-12', 'submitted'),
(82, 9, 9, 2, 'self', '2026-12-12', 'submitted'),
(83, 1, 9, 2, 'supervisor', '2026-12-12', 'submitted'),
(84, 10, 9, 2, 'peer', '2026-12-12', 'submitted'),
(85, 10, 10, 2, 'self', '2026-12-12', 'submitted'),
(86, 3, 10, 2, 'supervisor', '2026-12-12', 'submitted'),
(87, 13, 10, 2, 'peer', '2026-12-12', 'submitted'),
(88, 3, 10, 2, 'subordinate', '2026-12-12', 'submitted'),
(89, 11, 11, 2, 'self', '2026-12-12', 'submitted'),
(90, 2, 11, 2, 'supervisor', '2026-12-12', 'submitted'),
(91, 17, 11, 2, 'peer', '2026-12-12', 'submitted'),
(92, 12, 12, 2, 'self', '2026-12-12', 'submitted'),
(93, 3, 12, 2, 'supervisor', '2026-12-12', 'submitted'),
(94, 3, 12, 2, 'peer', '2026-12-12', 'submitted'),
(95, 13, 13, 2, 'self', '2026-12-12', 'submitted'),
(96, 3, 13, 2, 'supervisor', '2026-12-12', 'submitted'),
(97, 9, 13, 2, 'peer', '2026-12-12', 'submitted'),
(98, 14, 14, 2, 'self', '2026-12-12', 'submitted'),
(99, 7, 14, 2, 'supervisor', '2026-12-12', 'submitted'),
(100, 5, 14, 2, 'peer', '2026-12-12', 'submitted'),
(101, 15, 14, 2, 'subordinate', '2026-12-12', 'submitted'),
(102, 15, 15, 2, 'self', '2026-12-12', 'submitted'),
(103, 14, 15, 2, 'supervisor', '2026-12-12', 'submitted'),
(104, 14, 15, 2, 'peer', '2026-12-12', 'submitted'),
(105, 16, 16, 2, 'self', '2026-12-12', 'submitted'),
(106, 3, 16, 2, 'supervisor', '2026-12-12', 'submitted'),
(107, 3, 16, 2, 'peer', '2026-12-12', 'submitted'),
(108, 17, 17, 2, 'self', '2026-12-12', 'submitted'),
(109, 2, 17, 2, 'supervisor', '2026-12-12', 'submitted'),
(110, 11, 17, 2, 'peer', '2026-12-12', 'submitted'),
(111, 18, 18, 2, 'self', '2026-12-12', 'submitted'),
(112, 3, 18, 2, 'supervisor', '2026-12-12', 'submitted'),
(113, 10, 18, 2, 'peer', '2026-12-12', 'submitted'),
(114, 1, 1, 3, 'self', '2026-09-10', 'submitted'),
(115, 11, 1, 3, 'peer', '2026-09-10', 'submitted'),
(116, 7, 1, 3, 'subordinate', '2026-09-10', 'submitted'),
(117, 2, 2, 3, 'self', '2026-09-10', 'submitted'),
(118, 7, 2, 3, 'supervisor', '2026-09-10', 'submitted'),
(119, 17, 2, 3, 'peer', '2026-09-10', 'submitted'),
(120, 5, 2, 3, 'subordinate', '2026-09-10', 'submitted'),
(121, 3, 3, 3, 'self', '2026-09-10', 'submitted'),
(122, 10, 3, 3, 'supervisor', '2026-09-10', 'submitted'),
(123, 16, 3, 3, 'peer', '2026-09-10', 'submitted'),
(124, 4, 3, 3, 'subordinate', '2026-09-10', 'submitted'),
(125, 4, 4, 3, 'self', '2026-09-10', 'submitted'),
(126, 3, 4, 3, 'supervisor', '2026-09-10', 'submitted'),
(127, 3, 4, 3, 'peer', '2026-09-10', 'submitted'),
(128, 5, 5, 3, 'self', '2026-09-10', 'submitted'),
(129, 2, 5, 3, 'supervisor', '2026-09-10', 'submitted'),
(130, 15, 5, 3, 'peer', '2026-09-10', 'submitted'),
(131, 6, 6, 3, 'self', '2026-09-10', 'submitted'),
(132, 3, 6, 3, 'supervisor', '2026-09-10', 'submitted'),
(133, 13, 6, 3, 'peer', '2026-09-10', 'submitted'),
(134, 7, 7, 3, 'self', '2026-09-10', 'submitted'),
(135, 1, 7, 3, 'supervisor', '2026-09-10', 'submitted'),
(136, 9, 7, 3, 'peer', '2026-09-10', 'submitted'),
(137, 2, 7, 3, 'subordinate', '2026-09-10', 'submitted'),
(138, 8, 8, 3, 'self', '2026-09-10', 'submitted'),
(139, 3, 8, 3, 'supervisor', '2026-09-10', 'submitted'),
(140, 3, 8, 3, 'peer', '2026-09-10', 'submitted'),
(141, 9, 9, 3, 'self', '2026-09-10', 'submitted'),
(142, 1, 9, 3, 'supervisor', '2026-09-10', 'submitted'),
(143, 10, 9, 3, 'peer', '2026-09-10', 'submitted'),
(144, 10, 10, 3, 'self', '2026-09-10', 'submitted'),
(145, 3, 10, 3, 'supervisor', '2026-09-10', 'submitted'),
(146, 13, 10, 3, 'peer', '2026-09-10', 'submitted'),
(147, 3, 10, 3, 'subordinate', '2026-09-10', 'submitted'),
(148, 11, 11, 3, 'self', '2026-09-10', 'submitted'),
(149, 2, 11, 3, 'supervisor', '2026-09-10', 'submitted'),
(150, 17, 11, 3, 'peer', '2026-09-10', 'submitted'),
(151, 12, 12, 3, 'self', '2026-09-10', 'submitted'),
(152, 3, 12, 3, 'supervisor', '2026-09-10', 'submitted'),
(153, 3, 12, 3, 'peer', '2026-09-10', 'submitted'),
(154, 13, 13, 3, 'self', '2026-09-10', 'submitted'),
(155, 3, 13, 3, 'supervisor', '2026-09-10', 'submitted'),
(156, 9, 13, 3, 'peer', '2026-09-10', 'submitted'),
(157, 14, 14, 3, 'self', '2026-09-10', 'submitted'),
(158, 7, 14, 3, 'supervisor', '2026-09-10', 'submitted'),
(159, 5, 14, 3, 'peer', '2026-09-10', 'submitted'),
(160, 15, 14, 3, 'subordinate', '2026-09-10', 'submitted'),
(161, 15, 15, 3, 'self', '2026-09-10', 'submitted'),
(162, 14, 15, 3, 'supervisor', '2026-09-10', 'submitted'),
(163, 14, 15, 3, 'peer', '2026-09-10', 'submitted'),
(164, 16, 16, 3, 'self', '2026-09-10', 'submitted'),
(165, 3, 16, 3, 'supervisor', '2026-09-10', 'submitted'),
(166, 3, 16, 3, 'peer', '2026-09-10', 'submitted'),
(167, 17, 17, 3, 'self', '2026-09-10', 'submitted'),
(168, 2, 17, 3, 'supervisor', '2026-09-10', 'submitted'),
(169, 11, 17, 3, 'peer', '2026-09-10', 'submitted'),
(170, 18, 18, 3, 'self', '2026-09-10', 'submitted'),
(171, 3, 18, 3, 'supervisor', '2026-09-10', 'submitted'),
(172, 10, 18, 3, 'peer', '2026-09-10', 'submitted'),
(173, 1, 1, 4, 'self', '2027-06-12', 'submitted'),
(174, 11, 1, 4, 'peer', '2027-06-12', 'submitted'),
(175, 7, 1, 4, 'subordinate', '2027-06-12', 'submitted'),
(176, 2, 2, 4, 'self', '2027-06-12', 'submitted'),
(177, 7, 2, 4, 'supervisor', '2027-06-12', 'submitted'),
(178, 17, 2, 4, 'peer', '2027-06-12', 'submitted'),
(179, 5, 2, 4, 'subordinate', '2027-06-12', 'submitted'),
(180, 3, 3, 4, 'self', '2027-06-12', 'submitted'),
(181, 10, 3, 4, 'supervisor', '2027-06-12', 'submitted'),
(182, 16, 3, 4, 'peer', '2027-06-12', 'submitted'),
(183, 4, 3, 4, 'subordinate', '2027-06-12', 'submitted'),
(184, 4, 4, 4, 'self', '2027-06-12', 'submitted'),
(185, 3, 4, 4, 'supervisor', '2027-06-12', 'submitted'),
(186, 3, 4, 4, 'peer', '2027-06-12', 'submitted'),
(187, 5, 5, 4, 'self', '2027-06-12', 'submitted'),
(188, 2, 5, 4, 'supervisor', '2027-06-12', 'submitted'),
(189, 15, 5, 4, 'peer', '2027-06-12', 'submitted'),
(190, 6, 6, 4, 'self', '2027-06-12', 'submitted'),
(191, 3, 6, 4, 'supervisor', '2027-06-12', 'submitted'),
(192, 13, 6, 4, 'peer', '2027-06-12', 'submitted'),
(193, 7, 7, 4, 'self', '2027-06-12', 'submitted'),
(194, 1, 7, 4, 'supervisor', '2027-06-12', 'submitted'),
(195, 9, 7, 4, 'peer', '2027-06-12', 'submitted'),
(196, 2, 7, 4, 'subordinate', '2027-06-12', 'submitted'),
(197, 8, 8, 4, 'self', '2027-06-12', 'submitted'),
(198, 3, 8, 4, 'supervisor', '2027-06-12', 'submitted'),
(199, 3, 8, 4, 'peer', '2027-06-12', 'submitted'),
(200, 9, 9, 4, 'self', '2027-06-12', 'submitted'),
(201, 1, 9, 4, 'supervisor', '2027-06-12', 'submitted'),
(202, 10, 9, 4, 'peer', '2027-06-12', 'submitted'),
(203, 10, 10, 4, 'self', '2027-06-12', 'submitted'),
(204, 3, 10, 4, 'supervisor', '2027-06-12', 'submitted'),
(205, 13, 10, 4, 'peer', '2027-06-12', 'submitted'),
(206, 3, 10, 4, 'subordinate', '2027-06-12', 'submitted'),
(207, 11, 11, 4, 'self', '2027-06-12', 'submitted'),
(208, 2, 11, 4, 'supervisor', '2027-06-12', 'submitted'),
(209, 17, 11, 4, 'peer', '2027-06-12', 'submitted'),
(210, 12, 12, 4, 'self', '2027-06-12', 'submitted'),
(211, 3, 12, 4, 'supervisor', '2027-06-12', 'submitted'),
(212, 3, 12, 4, 'peer', '2027-06-12', 'submitted'),
(213, 13, 13, 4, 'self', '2027-06-12', 'submitted'),
(214, 3, 13, 4, 'supervisor', '2027-06-12', 'submitted'),
(215, 9, 13, 4, 'peer', '2027-06-12', 'submitted'),
(216, 14, 14, 4, 'self', '2027-06-12', 'submitted'),
(217, 7, 14, 4, 'supervisor', '2027-06-12', 'submitted'),
(218, 5, 14, 4, 'peer', '2027-06-12', 'submitted'),
(219, 15, 14, 4, 'subordinate', '2027-06-12', 'submitted'),
(220, 15, 15, 4, 'self', '2027-06-12', 'submitted'),
(221, 14, 15, 4, 'supervisor', '2027-06-12', 'submitted'),
(222, 14, 15, 4, 'peer', '2027-06-12', 'submitted'),
(223, 16, 16, 4, 'self', '2027-06-12', 'submitted'),
(224, 3, 16, 4, 'supervisor', '2027-06-12', 'submitted'),
(225, 3, 16, 4, 'peer', '2027-06-12', 'submitted'),
(226, 17, 17, 4, 'self', '2027-06-12', 'submitted'),
(227, 2, 17, 4, 'supervisor', '2027-06-12', 'submitted'),
(228, 11, 17, 4, 'peer', '2027-06-12', 'submitted'),
(229, 18, 18, 4, 'self', '2027-06-12', 'submitted'),
(230, 3, 18, 4, 'supervisor', '2027-06-12', 'submitted'),
(231, 10, 18, 4, 'peer', '2027-06-12', 'submitted');

-- --------------------------------------------------------

--
-- Table structure for table `assessment_details`
--

CREATE TABLE `assessment_details` (
  `assessment_detail_id` int(11) NOT NULL,
  `assessment_id` int(11) NOT NULL,
  `question_id` int(11) NOT NULL,
  `score` int(11) NOT NULL,
  `comment` varchar(500) DEFAULT NULL
) ENGINE=InnoDB DEFAULT CHARSET=utf8mb4 COLLATE=utf8mb4_general_ci;

--
-- Dumping data for table `assessment_details`
--

INSERT INTO `assessment_details` (`assessment_detail_id`, `assessment_id`, `question_id`, `score`, `comment`) VALUES
(1, 1, 1, 5, ''),
(2, 1, 2, 4, ''),
(3, 1, 3, 5, ''),
(4, 1, 4, 4, ''),
(5, 1, 5, 4, ''),
(6, 1, 6, 5, ''),
(7, 1, 7, 4, ''),
(8, 1, 8, 4, ''),
(9, 1, 9, 5, ''),
(10, 1, 10, 4, ''),
(11, 1, 11, 5, ''),
(12, 1, 12, 4, ''),
(13, 2, 1, 4, ''),
(14, 2, 2, 4, ''),
(15, 2, 3, 5, ''),
(16, 2, 4, 5, ''),
(17, 2, 5, 4, ''),
(18, 2, 6, 4, ''),
(19, 2, 7, 4, ''),
(20, 2, 8, 5, ''),
(21, 2, 9, 4, ''),
(22, 2, 10, 4, ''),
(23, 2, 11, 5, ''),
(24, 2, 12, 5, ''),
(25, 3, 1, 5, ''),
(26, 3, 2, 5, ''),
(27, 3, 3, 4, ''),
(28, 3, 4, 4, ''),
(29, 3, 5, 4, ''),
(30, 3, 6, 5, ''),
(31, 3, 7, 5, ''),
(32, 3, 8, 4, ''),
(33, 3, 9, 4, ''),
(34, 3, 10, 5, ''),
(35, 3, 11, 4, ''),
(36, 3, 12, 5, ''),
(37, 4, 1, 5, ''),
(38, 4, 2, 5, ''),
(39, 4, 3, 5, ''),
(40, 4, 4, 5, ''),
(41, 4, 5, 4, ''),
(42, 4, 6, 5, ''),
(43, 4, 7, 5, ''),
(44, 4, 8, 5, ''),
(45, 4, 9, 4, ''),
(46, 4, 10, 5, ''),
(47, 4, 11, 5, ''),
(48, 4, 12, 5, ''),
(49, 5, 1, 4, ''),
(50, 5, 2, 4, ''),
(51, 5, 3, 4, ''),
(52, 5, 4, 3, ''),
(53, 5, 5, 5, ''),
(54, 5, 6, 4, ''),
(55, 5, 7, 4, ''),
(56, 5, 8, 4, ''),
(57, 5, 9, 4, ''),
(58, 5, 10, 3, ''),
(59, 5, 11, 4, ''),
(60, 5, 12, 5, ''),
(61, 6, 1, 4, ''),
(62, 6, 2, 4, ''),
(63, 6, 3, 4, ''),
(64, 6, 4, 4, ''),
(65, 6, 5, 5, ''),
(66, 6, 6, 4, ''),
(67, 6, 7, 4, ''),
(68, 6, 8, 4, ''),
(69, 6, 9, 4, ''),
(70, 6, 10, 4, ''),
(71, 6, 11, 4, ''),
(72, 6, 12, 5, ''),
(73, 7, 1, 4, ''),
(74, 7, 2, 4, ''),
(75, 7, 3, 4, ''),
(76, 7, 4, 4, ''),
(77, 7, 5, 5, ''),
(78, 7, 6, 5, ''),
(79, 7, 7, 4, ''),
(80, 7, 8, 4, ''),
(81, 7, 9, 4, ''),
(82, 7, 10, 4, ''),
(83, 7, 11, 4, ''),
(84, 7, 12, 5, ''),
(85, 8, 1, 4, ''),
(86, 8, 2, 4, ''),
(87, 8, 3, 4, ''),
(88, 8, 4, 4, ''),
(89, 8, 5, 4, ''),
(90, 8, 6, 4, ''),
(91, 8, 7, 4, ''),
(92, 8, 8, 4, ''),
(93, 8, 9, 3, ''),
(94, 8, 10, 4, ''),
(95, 8, 11, 4, ''),
(96, 8, 12, 4, ''),
(97, 9, 1, 4, ''),
(98, 9, 2, 4, ''),
(99, 9, 3, 4, ''),
(100, 9, 4, 4, ''),
(101, 9, 5, 4, ''),
(102, 9, 6, 4, ''),
(103, 9, 7, 4, ''),
(104, 9, 8, 4, ''),
(105, 9, 9, 4, ''),
(106, 9, 10, 4, ''),
(107, 9, 11, 4, ''),
(108, 9, 12, 4, ''),
(109, 10, 1, 5, ''),
(110, 10, 2, 4, ''),
(111, 10, 3, 4, ''),
(112, 10, 4, 4, ''),
(113, 10, 5, 4, ''),
(114, 10, 6, 4, ''),
(115, 10, 7, 4, ''),
(116, 10, 8, 4, ''),
(117, 10, 9, 5, ''),
(118, 10, 10, 4, ''),
(119, 10, 11, 4, ''),
(120, 10, 12, 5, ''),
(121, 11, 1, 5, ''),
(122, 11, 2, 4, ''),
(123, 11, 3, 5, ''),
(124, 11, 4, 4, ''),
(125, 11, 5, 4, ''),
(126, 11, 6, 4, ''),
(127, 11, 7, 4, ''),
(128, 11, 8, 4, ''),
(129, 11, 9, 5, ''),
(130, 11, 10, 5, ''),
(131, 11, 11, 4, ''),
(132, 11, 12, 5, ''),
(133, 12, 1, 5, ''),
(134, 12, 2, 5, ''),
(135, 12, 3, 5, ''),
(136, 12, 4, 5, ''),
(137, 12, 5, 4, ''),
(138, 12, 6, 4, ''),
(139, 12, 7, 5, ''),
(140, 12, 8, 5, ''),
(141, 12, 9, 5, ''),
(142, 12, 10, 5, ''),
(143, 12, 11, 5, ''),
(144, 12, 12, 5, ''),
(145, 13, 1, 4, ''),
(146, 13, 2, 4, ''),
(147, 13, 3, 4, ''),
(148, 13, 4, 4, ''),
(149, 13, 5, 4, ''),
(150, 13, 6, 4, ''),
(151, 13, 7, 4, ''),
(152, 13, 8, 4, ''),
(153, 13, 9, 4, ''),
(154, 13, 10, 4, ''),
(155, 13, 11, 5, ''),
(156, 13, 12, 5, ''),
(157, 14, 1, 5, ''),
(158, 14, 2, 4, ''),
(159, 14, 3, 4, ''),
(160, 14, 4, 4, ''),
(161, 14, 5, 5, ''),
(162, 14, 6, 4, ''),
(163, 14, 7, 4, ''),
(164, 14, 8, 4, ''),
(165, 14, 9, 5, ''),
(166, 14, 10, 4, ''),
(167, 14, 11, 5, ''),
(168, 14, 12, 5, ''),
(169, 15, 1, 4, ''),
(170, 15, 2, 4, ''),
(171, 15, 3, 4, ''),
(172, 15, 4, 5, ''),
(173, 15, 5, 4, ''),
(174, 15, 6, 4, ''),
(175, 15, 7, 5, ''),
(176, 15, 8, 4, ''),
(177, 15, 9, 4, ''),
(178, 15, 10, 4, ''),
(179, 15, 11, 4, ''),
(180, 15, 12, 4, ''),
(206, 18, 1, 5, ''),
(207, 18, 2, 5, ''),
(208, 18, 3, 4, ''),
(209, 18, 4, 3, ''),
(210, 18, 5, 3, ''),
(211, 18, 6, 2, ''),
(212, 18, 7, 2, ''),
(213, 18, 8, 3, ''),
(214, 18, 9, 4, ''),
(215, 18, 10, 3, ''),
(216, 18, 11, 4, ''),
(217, 18, 12, 3, ''),
(218, 18, 13, 4, ''),
(219, 17, 1, 1, ''),
(220, 17, 2, 2, ''),
(221, 17, 3, 3, ''),
(222, 17, 4, 4, ''),
(223, 17, 5, 5, ''),
(224, 17, 6, 4, ''),
(225, 17, 7, 3, ''),
(226, 17, 8, 2, ''),
(227, 17, 9, 1, ''),
(228, 17, 10, 2, ''),
(229, 17, 11, 3, ''),
(230, 17, 12, 5, ''),
(231, 17, 13, 4, ''),
(258, 16, 1, 4, ''),
(259, 16, 2, 4, ''),
(260, 16, 3, 4, ''),
(261, 16, 4, 4, ''),
(262, 16, 5, 4, ''),
(263, 16, 6, 4, ''),
(264, 16, 7, 4, ''),
(265, 16, 8, 4, ''),
(266, 16, 9, 4, ''),
(267, 16, 10, 4, ''),
(268, 16, 11, 4, ''),
(269, 16, 12, 4, ''),
(270, 16, 13, 4, ''),
(271, 19, 1, 5, ''),
(272, 19, 2, 5, ''),
(273, 19, 3, 5, ''),
(274, 19, 4, 5, ''),
(275, 19, 5, 5, ''),
(276, 19, 6, 5, ''),
(277, 19, 7, 5, ''),
(278, 19, 8, 5, ''),
(279, 19, 9, 5, ''),
(280, 19, 10, 5, ''),
(281, 19, 11, 5, ''),
(282, 19, 12, 5, ''),
(283, 20, 1, 5, ''),
(284, 20, 2, 5, ''),
(285, 20, 3, 5, ''),
(286, 20, 4, 5, ''),
(287, 20, 5, 5, ''),
(288, 20, 6, 5, ''),
(289, 20, 7, 5, ''),
(290, 20, 8, 5, ''),
(291, 20, 9, 5, ''),
(292, 20, 10, 5, ''),
(293, 20, 11, 5, ''),
(294, 20, 12, 5, ''),
(295, 21, 1, 5, ''),
(296, 21, 2, 5, ''),
(297, 21, 3, 5, ''),
(298, 21, 4, 5, ''),
(299, 21, 5, 5, ''),
(300, 21, 6, 5, ''),
(301, 21, 7, 5, ''),
(302, 21, 8, 5, ''),
(303, 21, 9, 5, ''),
(304, 21, 10, 5, ''),
(305, 21, 11, 5, ''),
(306, 21, 12, 5, ''),
(307, 22, 1, 5, ''),
(308, 22, 2, 5, ''),
(309, 22, 3, 5, ''),
(310, 22, 4, 5, ''),
(311, 22, 5, 5, ''),
(312, 22, 6, 5, ''),
(313, 22, 7, 5, ''),
(314, 22, 8, 5, ''),
(315, 22, 9, 5, ''),
(316, 22, 10, 5, ''),
(317, 22, 11, 5, ''),
(318, 22, 12, 5, ''),
(319, 23, 1, 5, ''),
(320, 23, 2, 5, ''),
(321, 23, 3, 5, ''),
(322, 23, 4, 5, ''),
(323, 23, 5, 5, ''),
(324, 23, 6, 5, ''),
(325, 23, 7, 5, ''),
(326, 23, 8, 5, ''),
(327, 23, 9, 5, ''),
(328, 23, 10, 5, ''),
(329, 23, 11, 5, ''),
(330, 23, 12, 5, ''),
(331, 24, 1, 5, ''),
(332, 24, 2, 5, ''),
(333, 24, 3, 5, ''),
(334, 24, 4, 5, ''),
(335, 24, 5, 5, ''),
(336, 24, 6, 5, ''),
(337, 24, 7, 5, ''),
(338, 24, 8, 5, ''),
(339, 24, 9, 5, ''),
(340, 24, 10, 5, ''),
(341, 24, 11, 5, ''),
(342, 24, 12, 5, ''),
(343, 25, 1, 5, ''),
(344, 25, 2, 5, ''),
(345, 25, 3, 5, ''),
(346, 25, 4, 5, ''),
(347, 25, 5, 5, ''),
(348, 25, 6, 5, ''),
(349, 25, 7, 5, ''),
(350, 25, 8, 5, ''),
(351, 25, 9, 5, ''),
(352, 25, 10, 5, ''),
(353, 25, 11, 5, ''),
(354, 25, 12, 5, ''),
(355, 26, 1, 3, ''),
(356, 26, 2, 3, ''),
(357, 26, 3, 3, ''),
(358, 26, 4, 2, ''),
(359, 26, 5, 3, ''),
(360, 26, 6, 3, ''),
(361, 26, 7, 3, ''),
(362, 26, 8, 3, ''),
(363, 26, 9, 2, 'Perlu penguatan pada area Adaptif.'),
(364, 26, 10, 2, 'Perlu penguatan pada area Adaptif.'),
(365, 26, 11, 3, ''),
(366, 26, 12, 3, ''),
(367, 27, 1, 3, ''),
(368, 27, 2, 3, ''),
(369, 27, 3, 2, ''),
(370, 27, 4, 3, ''),
(371, 27, 5, 3, ''),
(372, 27, 6, 3, ''),
(373, 27, 7, 3, ''),
(374, 27, 8, 2, ''),
(375, 27, 9, 2, 'Perlu penguatan pada area Adaptif.'),
(376, 27, 10, 2, 'Perlu penguatan pada area Adaptif.'),
(377, 27, 11, 3, ''),
(378, 27, 12, 3, ''),
(379, 28, 1, 3, ''),
(380, 28, 2, 2, ''),
(381, 28, 3, 3, ''),
(382, 28, 4, 3, ''),
(383, 28, 5, 3, ''),
(384, 28, 6, 3, ''),
(385, 28, 7, 2, ''),
(386, 28, 8, 3, ''),
(387, 28, 9, 2, 'Perlu penguatan pada area Adaptif.'),
(388, 28, 10, 2, 'Perlu penguatan pada area Adaptif.'),
(389, 28, 11, 3, ''),
(390, 28, 12, 2, ''),
(391, 29, 1, 2, ''),
(392, 29, 2, 3, ''),
(393, 29, 3, 3, ''),
(394, 29, 4, 3, ''),
(395, 29, 5, 3, ''),
(396, 29, 6, 2, ''),
(397, 29, 7, 3, ''),
(398, 29, 8, 3, ''),
(399, 29, 9, 2, 'Perlu penguatan pada area Adaptif.'),
(400, 29, 10, 2, 'Perlu penguatan pada area Adaptif.'),
(401, 29, 11, 2, ''),
(402, 29, 12, 3, ''),
(403, 30, 1, 3, ''),
(404, 30, 2, 3, ''),
(405, 30, 3, 3, ''),
(406, 30, 4, 4, ''),
(407, 30, 5, 3, ''),
(408, 30, 6, 3, ''),
(409, 30, 7, 4, ''),
(410, 30, 8, 4, ''),
(411, 30, 9, 3, ''),
(412, 30, 10, 3, ''),
(413, 30, 11, 4, ''),
(414, 30, 12, 3, ''),
(415, 31, 1, 3, ''),
(416, 31, 2, 2, ''),
(417, 31, 3, 4, ''),
(418, 31, 4, 3, ''),
(419, 31, 5, 3, ''),
(420, 31, 6, 4, ''),
(421, 31, 7, 4, ''),
(422, 31, 8, 3, ''),
(423, 31, 9, 3, ''),
(424, 31, 10, 4, ''),
(425, 31, 11, 3, ''),
(426, 31, 12, 4, ''),
(427, 32, 1, 2, ''),
(428, 32, 2, 3, ''),
(429, 32, 3, 3, ''),
(430, 32, 4, 3, ''),
(431, 32, 5, 4, ''),
(432, 32, 6, 4, ''),
(433, 32, 7, 3, ''),
(434, 32, 8, 3, ''),
(435, 32, 9, 4, ''),
(436, 32, 10, 3, ''),
(437, 32, 11, 4, ''),
(438, 32, 12, 4, ''),
(439, 33, 1, 4, ''),
(440, 33, 2, 4, ''),
(441, 33, 3, 4, ''),
(442, 33, 4, 4, ''),
(443, 33, 5, 4, ''),
(444, 33, 6, 4, ''),
(445, 33, 7, 4, ''),
(446, 33, 8, 4, ''),
(447, 33, 9, 4, ''),
(448, 33, 10, 4, ''),
(449, 33, 11, 3, ''),
(450, 33, 12, 3, ''),
(451, 34, 1, 4, ''),
(452, 34, 2, 4, ''),
(453, 34, 3, 4, ''),
(454, 34, 4, 4, ''),
(455, 34, 5, 4, ''),
(456, 34, 6, 4, ''),
(457, 34, 7, 4, ''),
(458, 34, 8, 4, ''),
(459, 34, 9, 4, ''),
(460, 34, 10, 4, ''),
(461, 34, 11, 3, ''),
(462, 34, 12, 3, ''),
(463, 35, 1, 4, ''),
(464, 35, 2, 4, ''),
(465, 35, 3, 4, ''),
(466, 35, 4, 4, ''),
(467, 35, 5, 4, ''),
(468, 35, 6, 4, ''),
(469, 35, 7, 4, ''),
(470, 35, 8, 4, ''),
(471, 35, 9, 4, ''),
(472, 35, 10, 4, ''),
(473, 35, 11, 3, ''),
(474, 35, 12, 3, ''),
(475, 36, 1, 3, ''),
(476, 36, 2, 3, ''),
(477, 36, 3, 2, 'Perlu penguatan pada area Kompeten.'),
(478, 36, 4, 2, 'Perlu penguatan pada area Kompeten.'),
(479, 36, 5, 3, ''),
(480, 36, 6, 3, ''),
(481, 36, 7, 3, ''),
(482, 36, 8, 3, ''),
(483, 36, 9, 2, ''),
(484, 36, 10, 3, ''),
(485, 36, 11, 3, ''),
(486, 36, 12, 3, ''),
(487, 37, 1, 3, ''),
(488, 37, 2, 3, ''),
(489, 37, 3, 2, 'Perlu penguatan pada area Kompeten.'),
(490, 37, 4, 2, 'Perlu penguatan pada area Kompeten.'),
(491, 37, 5, 3, ''),
(492, 37, 6, 3, ''),
(493, 37, 7, 3, ''),
(494, 37, 8, 2, ''),
(495, 37, 9, 3, ''),
(496, 37, 10, 3, ''),
(497, 37, 11, 3, ''),
(498, 37, 12, 3, ''),
(499, 38, 1, 3, ''),
(500, 38, 2, 2, ''),
(501, 38, 3, 2, 'Perlu penguatan pada area Kompeten.'),
(502, 38, 4, 2, 'Perlu penguatan pada area Kompeten.'),
(503, 38, 5, 3, ''),
(504, 38, 6, 3, ''),
(505, 38, 7, 2, ''),
(506, 38, 8, 3, ''),
(507, 38, 9, 3, ''),
(508, 38, 10, 3, ''),
(509, 38, 11, 3, ''),
(510, 38, 12, 2, ''),
(511, 39, 1, 4, ''),
(512, 39, 2, 4, ''),
(513, 39, 3, 4, ''),
(514, 39, 4, 4, ''),
(515, 39, 5, 4, ''),
(516, 39, 6, 4, ''),
(517, 39, 7, 3, ''),
(518, 39, 8, 3, ''),
(519, 39, 9, 4, ''),
(520, 39, 10, 4, ''),
(521, 39, 11, 4, ''),
(522, 39, 12, 4, ''),
(523, 40, 1, 4, ''),
(524, 40, 2, 4, ''),
(525, 40, 3, 4, ''),
(526, 40, 4, 4, ''),
(527, 40, 5, 4, ''),
(528, 40, 6, 4, ''),
(529, 40, 7, 3, ''),
(530, 40, 8, 3, ''),
(531, 40, 9, 4, ''),
(532, 40, 10, 4, ''),
(533, 40, 11, 4, ''),
(534, 40, 12, 4, ''),
(535, 41, 1, 4, ''),
(536, 41, 2, 4, ''),
(537, 41, 3, 4, ''),
(538, 41, 4, 4, ''),
(539, 41, 5, 4, ''),
(540, 41, 6, 4, ''),
(541, 41, 7, 3, ''),
(542, 41, 8, 3, ''),
(543, 41, 9, 4, ''),
(544, 41, 10, 4, ''),
(545, 41, 11, 4, ''),
(546, 41, 12, 4, ''),
(547, 42, 1, 4, ''),
(548, 42, 2, 4, ''),
(549, 42, 3, 4, ''),
(550, 42, 4, 4, ''),
(551, 42, 5, 4, ''),
(552, 42, 6, 4, ''),
(553, 42, 7, 3, ''),
(554, 42, 8, 3, ''),
(555, 42, 9, 4, ''),
(556, 42, 10, 4, ''),
(557, 42, 11, 4, ''),
(558, 42, 12, 4, ''),
(559, 43, 1, 3, ''),
(560, 43, 2, 2, ''),
(561, 43, 3, 3, ''),
(562, 43, 4, 3, ''),
(563, 43, 5, 3, ''),
(564, 43, 6, 3, ''),
(565, 43, 7, 2, ''),
(566, 43, 8, 3, ''),
(567, 43, 9, 2, 'Perlu penguatan pada area Adaptif.'),
(568, 43, 10, 2, 'Perlu penguatan pada area Adaptif.'),
(569, 43, 11, 3, ''),
(570, 43, 12, 2, ''),
(571, 44, 1, 2, ''),
(572, 44, 2, 3, ''),
(573, 44, 3, 3, ''),
(574, 44, 4, 3, ''),
(575, 44, 5, 3, ''),
(576, 44, 6, 2, ''),
(577, 44, 7, 3, ''),
(578, 44, 8, 3, ''),
(579, 44, 9, 2, 'Perlu penguatan pada area Adaptif.'),
(580, 44, 10, 2, 'Perlu penguatan pada area Adaptif.'),
(581, 44, 11, 2, ''),
(582, 44, 12, 3, ''),
(583, 45, 1, 3, ''),
(584, 45, 2, 3, ''),
(585, 45, 3, 3, ''),
(586, 45, 4, 3, ''),
(587, 45, 5, 2, ''),
(588, 45, 6, 3, ''),
(589, 45, 7, 3, ''),
(590, 45, 8, 3, ''),
(591, 45, 9, 2, 'Perlu penguatan pada area Adaptif.'),
(592, 45, 10, 2, 'Perlu penguatan pada area Adaptif.'),
(593, 45, 11, 3, ''),
(594, 45, 12, 3, ''),
(595, 46, 1, 4, ''),
(596, 46, 2, 3, ''),
(597, 46, 3, 4, ''),
(598, 46, 4, 3, ''),
(599, 46, 5, 2, ''),
(600, 46, 6, 3, ''),
(601, 46, 7, 4, ''),
(602, 46, 8, 3, ''),
(603, 46, 9, 3, ''),
(604, 46, 10, 4, ''),
(605, 46, 11, 3, ''),
(606, 46, 12, 4, ''),
(607, 47, 1, 3, ''),
(608, 47, 2, 4, ''),
(609, 47, 3, 3, ''),
(610, 47, 4, 3, ''),
(611, 47, 5, 3, ''),
(612, 47, 6, 3, ''),
(613, 47, 7, 3, ''),
(614, 47, 8, 3, ''),
(615, 47, 9, 4, ''),
(616, 47, 10, 3, ''),
(617, 47, 11, 4, ''),
(618, 47, 12, 4, ''),
(619, 48, 1, 4, ''),
(620, 48, 2, 3, ''),
(621, 48, 3, 3, ''),
(622, 48, 4, 4, ''),
(623, 48, 5, 3, ''),
(624, 48, 6, 2, ''),
(625, 48, 7, 3, ''),
(626, 48, 8, 4, ''),
(627, 48, 9, 3, ''),
(628, 48, 10, 4, ''),
(629, 48, 11, 4, ''),
(630, 48, 12, 2, ''),
(631, 49, 1, 3, ''),
(632, 49, 2, 3, ''),
(633, 49, 3, 4, ''),
(634, 49, 4, 4, ''),
(635, 49, 5, 4, ''),
(636, 49, 6, 4, ''),
(637, 49, 7, 4, ''),
(638, 49, 8, 4, ''),
(639, 49, 9, 4, ''),
(640, 49, 10, 4, ''),
(641, 49, 11, 4, ''),
(642, 49, 12, 4, ''),
(643, 50, 1, 3, ''),
(644, 50, 2, 3, ''),
(645, 50, 3, 4, ''),
(646, 50, 4, 4, ''),
(647, 50, 5, 4, ''),
(648, 50, 6, 4, ''),
(649, 50, 7, 4, ''),
(650, 50, 8, 4, ''),
(651, 50, 9, 4, ''),
(652, 50, 10, 4, ''),
(653, 50, 11, 4, ''),
(654, 50, 12, 4, ''),
(655, 51, 1, 3, ''),
(656, 51, 2, 3, ''),
(657, 51, 3, 4, ''),
(658, 51, 4, 4, ''),
(659, 51, 5, 4, ''),
(660, 51, 6, 4, ''),
(661, 51, 7, 4, ''),
(662, 51, 8, 4, ''),
(663, 51, 9, 4, ''),
(664, 51, 10, 4, ''),
(665, 51, 11, 4, ''),
(666, 51, 12, 4, ''),
(667, 52, 1, 3, ''),
(668, 52, 2, 3, ''),
(669, 52, 3, 2, ''),
(670, 52, 4, 3, ''),
(671, 52, 5, 3, ''),
(672, 52, 6, 3, ''),
(673, 52, 7, 3, ''),
(674, 52, 8, 2, ''),
(675, 52, 9, 3, ''),
(676, 52, 10, 3, ''),
(677, 52, 11, 2, 'Perlu penguatan pada area Kolaboratif.'),
(678, 52, 12, 2, 'Perlu penguatan pada area Kolaboratif.'),
(679, 53, 1, 3, ''),
(680, 53, 2, 2, ''),
(681, 53, 3, 3, ''),
(682, 53, 4, 3, ''),
(683, 53, 5, 3, ''),
(684, 53, 6, 3, ''),
(685, 53, 7, 2, ''),
(686, 53, 8, 3, ''),
(687, 53, 9, 3, ''),
(688, 53, 10, 3, ''),
(689, 53, 11, 2, 'Perlu penguatan pada area Kolaboratif.'),
(690, 53, 12, 2, 'Perlu penguatan pada area Kolaboratif.'),
(691, 54, 1, 2, ''),
(692, 54, 2, 3, ''),
(693, 54, 3, 3, ''),
(694, 54, 4, 3, ''),
(695, 54, 5, 3, ''),
(696, 54, 6, 2, ''),
(697, 54, 7, 3, ''),
(698, 54, 8, 3, ''),
(699, 54, 9, 3, ''),
(700, 54, 10, 3, ''),
(701, 54, 11, 2, 'Perlu penguatan pada area Kolaboratif.'),
(702, 54, 12, 2, 'Perlu penguatan pada area Kolaboratif.'),
(703, 55, 1, 4, ''),
(704, 55, 2, 3, ''),
(705, 55, 3, 4, ''),
(706, 55, 4, 4, ''),
(707, 55, 5, 2, ''),
(708, 55, 6, 3, ''),
(709, 55, 7, 4, ''),
(710, 55, 8, 3, ''),
(711, 55, 9, 4, ''),
(712, 55, 10, 3, ''),
(713, 55, 11, 3, ''),
(714, 55, 12, 4, ''),
(715, 56, 1, 3, ''),
(716, 56, 2, 4, ''),
(717, 56, 3, 4, ''),
(718, 56, 4, 2, ''),
(719, 56, 5, 3, ''),
(720, 56, 6, 3, ''),
(721, 56, 7, 3, ''),
(722, 56, 8, 4, ''),
(723, 56, 9, 3, ''),
(724, 56, 10, 3, ''),
(725, 56, 11, 4, ''),
(726, 56, 12, 4, ''),
(727, 57, 1, 4, ''),
(728, 57, 2, 4, ''),
(729, 57, 3, 2, ''),
(730, 57, 4, 4, ''),
(731, 57, 5, 3, ''),
(732, 57, 6, 2, ''),
(733, 57, 7, 4, ''),
(734, 57, 8, 3, ''),
(735, 57, 9, 3, ''),
(736, 57, 10, 4, ''),
(737, 57, 11, 4, ''),
(738, 57, 12, 3, ''),
(739, 58, 1, 2, 'Perlu penguatan pada area Amanah.'),
(740, 58, 2, 2, 'Perlu penguatan pada area Amanah.'),
(741, 58, 3, 3, ''),
(742, 58, 4, 3, ''),
(743, 58, 5, 3, ''),
(744, 58, 6, 3, ''),
(745, 58, 7, 2, ''),
(746, 58, 8, 3, ''),
(747, 58, 9, 3, ''),
(748, 58, 10, 3, ''),
(749, 58, 11, 3, ''),
(750, 58, 12, 2, ''),
(751, 59, 1, 2, 'Perlu penguatan pada area Amanah.'),
(752, 59, 2, 2, 'Perlu penguatan pada area Amanah.'),
(753, 59, 3, 3, ''),
(754, 59, 4, 3, ''),
(755, 59, 5, 3, ''),
(756, 59, 6, 2, ''),
(757, 59, 7, 3, ''),
(758, 59, 8, 3, ''),
(759, 59, 9, 3, ''),
(760, 59, 10, 3, ''),
(761, 59, 11, 2, ''),
(762, 59, 12, 3, ''),
(763, 60, 1, 2, 'Perlu penguatan pada area Amanah.'),
(764, 60, 2, 2, 'Perlu penguatan pada area Amanah.'),
(765, 60, 3, 3, ''),
(766, 60, 4, 3, ''),
(767, 60, 5, 2, ''),
(768, 60, 6, 3, ''),
(769, 60, 7, 3, ''),
(770, 60, 8, 3, ''),
(771, 60, 9, 3, ''),
(772, 60, 10, 2, ''),
(773, 60, 11, 3, ''),
(774, 60, 12, 3, ''),
(775, 61, 1, 2, 'Perlu penguatan pada area Amanah.'),
(776, 61, 2, 2, 'Perlu penguatan pada area Amanah.'),
(777, 61, 3, 3, ''),
(778, 61, 4, 2, ''),
(779, 61, 5, 3, ''),
(780, 61, 6, 3, ''),
(781, 61, 7, 3, ''),
(782, 61, 8, 3, ''),
(783, 61, 9, 2, ''),
(784, 61, 10, 3, ''),
(785, 61, 11, 3, ''),
(786, 61, 12, 3, ''),
(787, 62, 1, 4, ''),
(788, 62, 2, 4, ''),
(789, 62, 3, 3, ''),
(790, 62, 4, 3, ''),
(791, 62, 5, 4, ''),
(792, 62, 6, 4, ''),
(793, 62, 7, 4, ''),
(794, 62, 8, 4, ''),
(795, 62, 9, 4, ''),
(796, 62, 10, 4, ''),
(797, 62, 11, 4, ''),
(798, 62, 12, 4, ''),
(799, 63, 1, 4, ''),
(800, 63, 2, 4, ''),
(801, 63, 3, 3, ''),
(802, 63, 4, 3, ''),
(803, 63, 5, 4, ''),
(804, 63, 6, 4, ''),
(805, 63, 7, 4, ''),
(806, 63, 8, 4, ''),
(807, 63, 9, 4, ''),
(808, 63, 10, 4, ''),
(809, 63, 11, 4, ''),
(810, 63, 12, 4, ''),
(811, 64, 1, 4, ''),
(812, 64, 2, 4, ''),
(813, 64, 3, 3, ''),
(814, 64, 4, 3, ''),
(815, 64, 5, 4, ''),
(816, 64, 6, 4, ''),
(817, 64, 7, 4, ''),
(818, 64, 8, 4, ''),
(819, 64, 9, 4, ''),
(820, 64, 10, 4, ''),
(821, 64, 11, 4, ''),
(822, 64, 12, 4, ''),
(823, 65, 1, 4, ''),
(824, 65, 2, 4, ''),
(825, 65, 3, 3, ''),
(826, 65, 4, 3, ''),
(827, 65, 5, 4, ''),
(828, 65, 6, 4, ''),
(829, 65, 7, 4, ''),
(830, 65, 8, 4, ''),
(831, 65, 9, 4, ''),
(832, 65, 10, 4, ''),
(833, 65, 11, 4, ''),
(834, 65, 12, 4, ''),
(835, 66, 1, 5, ''),
(836, 66, 2, 5, ''),
(837, 66, 3, 5, ''),
(838, 66, 4, 5, ''),
(839, 66, 5, 5, ''),
(840, 66, 6, 5, ''),
(841, 66, 7, 5, ''),
(842, 66, 8, 5, ''),
(843, 66, 9, 5, ''),
(844, 66, 10, 5, ''),
(845, 66, 11, 5, ''),
(846, 66, 12, 5, ''),
(847, 67, 1, 5, ''),
(848, 67, 2, 5, ''),
(849, 67, 3, 5, ''),
(850, 67, 4, 5, ''),
(851, 67, 5, 5, ''),
(852, 67, 6, 5, ''),
(853, 67, 7, 5, ''),
(854, 67, 8, 5, ''),
(855, 67, 9, 5, ''),
(856, 67, 10, 5, ''),
(857, 67, 11, 5, ''),
(858, 67, 12, 5, ''),
(859, 68, 1, 5, ''),
(860, 68, 2, 5, ''),
(861, 68, 3, 5, ''),
(862, 68, 4, 5, ''),
(863, 68, 5, 5, ''),
(864, 68, 6, 5, ''),
(865, 68, 7, 5, ''),
(866, 68, 8, 5, ''),
(867, 68, 9, 5, ''),
(868, 68, 10, 5, ''),
(869, 68, 11, 5, ''),
(870, 68, 12, 5, ''),
(871, 69, 1, 4, ''),
(872, 69, 2, 4, ''),
(873, 69, 3, 4, ''),
(874, 69, 4, 4, ''),
(875, 69, 5, 4, ''),
(876, 69, 6, 4, ''),
(877, 69, 7, 4, ''),
(878, 69, 8, 4, ''),
(879, 69, 9, 4, ''),
(880, 69, 10, 4, ''),
(881, 69, 11, 3, ''),
(882, 69, 12, 3, ''),
(883, 70, 1, 4, ''),
(884, 70, 2, 4, ''),
(885, 70, 3, 4, ''),
(886, 70, 4, 4, ''),
(887, 70, 5, 4, ''),
(888, 70, 6, 4, ''),
(889, 70, 7, 4, ''),
(890, 70, 8, 4, ''),
(891, 70, 9, 4, ''),
(892, 70, 10, 4, ''),
(893, 70, 11, 3, ''),
(894, 70, 12, 3, ''),
(895, 71, 1, 4, ''),
(896, 71, 2, 4, ''),
(897, 71, 3, 4, ''),
(898, 71, 4, 4, ''),
(899, 71, 5, 4, ''),
(900, 71, 6, 4, ''),
(901, 71, 7, 4, ''),
(902, 71, 8, 4, ''),
(903, 71, 9, 4, ''),
(904, 71, 10, 4, ''),
(905, 71, 11, 3, ''),
(906, 71, 12, 3, ''),
(907, 72, 1, 4, ''),
(908, 72, 2, 4, ''),
(909, 72, 3, 4, ''),
(910, 72, 4, 4, ''),
(911, 72, 5, 4, ''),
(912, 72, 6, 4, ''),
(913, 72, 7, 4, ''),
(914, 72, 8, 4, ''),
(915, 72, 9, 3, ''),
(916, 72, 10, 3, ''),
(917, 72, 11, 4, ''),
(918, 72, 12, 4, ''),
(919, 73, 1, 4, ''),
(920, 73, 2, 4, ''),
(921, 73, 3, 4, ''),
(922, 73, 4, 4, ''),
(923, 73, 5, 4, ''),
(924, 73, 6, 4, ''),
(925, 73, 7, 4, ''),
(926, 73, 8, 4, ''),
(927, 73, 9, 3, ''),
(928, 73, 10, 3, ''),
(929, 73, 11, 4, ''),
(930, 73, 12, 4, ''),
(931, 74, 1, 4, ''),
(932, 74, 2, 4, ''),
(933, 74, 3, 4, ''),
(934, 74, 4, 4, ''),
(935, 74, 5, 4, ''),
(936, 74, 6, 4, ''),
(937, 74, 7, 4, ''),
(938, 74, 8, 4, ''),
(939, 74, 9, 3, ''),
(940, 74, 10, 3, ''),
(941, 74, 11, 4, ''),
(942, 74, 12, 4, ''),
(943, 75, 1, 5, ''),
(944, 75, 2, 5, ''),
(945, 75, 3, 5, ''),
(946, 75, 4, 5, ''),
(947, 75, 5, 5, ''),
(948, 75, 6, 5, ''),
(949, 75, 7, 5, ''),
(950, 75, 8, 5, ''),
(951, 75, 9, 5, ''),
(952, 75, 10, 5, ''),
(953, 75, 11, 5, ''),
(954, 75, 12, 5, ''),
(955, 76, 1, 5, ''),
(956, 76, 2, 5, ''),
(957, 76, 3, 5, ''),
(958, 76, 4, 5, ''),
(959, 76, 5, 5, ''),
(960, 76, 6, 5, ''),
(961, 76, 7, 5, ''),
(962, 76, 8, 5, ''),
(963, 76, 9, 5, ''),
(964, 76, 10, 5, ''),
(965, 76, 11, 5, ''),
(966, 76, 12, 5, ''),
(967, 77, 1, 5, ''),
(968, 77, 2, 5, ''),
(969, 77, 3, 5, ''),
(970, 77, 4, 5, ''),
(971, 77, 5, 5, ''),
(972, 77, 6, 5, ''),
(973, 77, 7, 5, ''),
(974, 77, 8, 5, ''),
(975, 77, 9, 5, ''),
(976, 77, 10, 5, ''),
(977, 77, 11, 5, ''),
(978, 77, 12, 5, ''),
(979, 78, 1, 5, ''),
(980, 78, 2, 5, ''),
(981, 78, 3, 5, ''),
(982, 78, 4, 5, ''),
(983, 78, 5, 5, ''),
(984, 78, 6, 5, ''),
(985, 78, 7, 5, ''),
(986, 78, 8, 5, ''),
(987, 78, 9, 5, ''),
(988, 78, 10, 5, ''),
(989, 78, 11, 5, ''),
(990, 78, 12, 5, ''),
(991, 79, 1, 5, ''),
(992, 79, 2, 5, ''),
(993, 79, 3, 5, ''),
(994, 79, 4, 5, ''),
(995, 79, 5, 5, ''),
(996, 79, 6, 5, ''),
(997, 79, 7, 5, ''),
(998, 79, 8, 5, ''),
(999, 79, 9, 5, ''),
(1000, 79, 10, 5, ''),
(1001, 79, 11, 5, ''),
(1002, 79, 12, 5, ''),
(1003, 80, 1, 5, ''),
(1004, 80, 2, 5, ''),
(1005, 80, 3, 5, ''),
(1006, 80, 4, 5, ''),
(1007, 80, 5, 5, ''),
(1008, 80, 6, 5, ''),
(1009, 80, 7, 5, ''),
(1010, 80, 8, 5, ''),
(1011, 80, 9, 5, ''),
(1012, 80, 10, 5, ''),
(1013, 80, 11, 5, ''),
(1014, 80, 12, 5, ''),
(1015, 81, 1, 5, ''),
(1016, 81, 2, 5, ''),
(1017, 81, 3, 5, ''),
(1018, 81, 4, 5, ''),
(1019, 81, 5, 5, ''),
(1020, 81, 6, 5, ''),
(1021, 81, 7, 5, ''),
(1022, 81, 8, 5, ''),
(1023, 81, 9, 5, ''),
(1024, 81, 10, 5, ''),
(1025, 81, 11, 5, ''),
(1026, 81, 12, 5, ''),
(1027, 82, 1, 5, ''),
(1028, 82, 2, 5, ''),
(1029, 82, 3, 5, ''),
(1030, 82, 4, 5, ''),
(1031, 82, 5, 5, ''),
(1032, 82, 6, 5, ''),
(1033, 82, 7, 5, ''),
(1034, 82, 8, 5, ''),
(1035, 82, 9, 5, ''),
(1036, 82, 10, 5, ''),
(1037, 82, 11, 5, ''),
(1038, 82, 12, 5, ''),
(1039, 83, 1, 5, ''),
(1040, 83, 2, 5, ''),
(1041, 83, 3, 5, ''),
(1042, 83, 4, 5, ''),
(1043, 83, 5, 5, ''),
(1044, 83, 6, 5, ''),
(1045, 83, 7, 5, ''),
(1046, 83, 8, 5, ''),
(1047, 83, 9, 5, ''),
(1048, 83, 10, 5, ''),
(1049, 83, 11, 5, ''),
(1050, 83, 12, 5, ''),
(1051, 84, 1, 5, ''),
(1052, 84, 2, 5, ''),
(1053, 84, 3, 5, ''),
(1054, 84, 4, 5, ''),
(1055, 84, 5, 5, ''),
(1056, 84, 6, 5, ''),
(1057, 84, 7, 5, ''),
(1058, 84, 8, 5, ''),
(1059, 84, 9, 5, ''),
(1060, 84, 10, 5, ''),
(1061, 84, 11, 5, ''),
(1062, 84, 12, 5, ''),
(1063, 85, 1, 3, ''),
(1064, 85, 2, 3, ''),
(1065, 85, 3, 3, ''),
(1066, 85, 4, 3, ''),
(1067, 85, 5, 2, ''),
(1068, 85, 6, 3, ''),
(1069, 85, 7, 3, ''),
(1070, 85, 8, 3, ''),
(1071, 85, 9, 2, 'Perlu penguatan pada area Adaptif.'),
(1072, 85, 10, 2, 'Perlu penguatan pada area Adaptif.'),
(1073, 85, 11, 3, ''),
(1074, 85, 12, 3, ''),
(1075, 86, 1, 3, ''),
(1076, 86, 2, 3, ''),
(1077, 86, 3, 3, ''),
(1078, 86, 4, 2, ''),
(1079, 86, 5, 3, ''),
(1080, 86, 6, 3, ''),
(1081, 86, 7, 3, ''),
(1082, 86, 8, 3, ''),
(1083, 86, 9, 2, 'Perlu penguatan pada area Adaptif.'),
(1084, 86, 10, 2, 'Perlu penguatan pada area Adaptif.'),
(1085, 86, 11, 3, ''),
(1086, 86, 12, 3, ''),
(1087, 87, 1, 3, ''),
(1088, 87, 2, 3, ''),
(1089, 87, 3, 2, ''),
(1090, 87, 4, 3, ''),
(1091, 87, 5, 3, ''),
(1092, 87, 6, 3, ''),
(1093, 87, 7, 3, ''),
(1094, 87, 8, 2, ''),
(1095, 87, 9, 2, 'Perlu penguatan pada area Adaptif.'),
(1096, 87, 10, 2, 'Perlu penguatan pada area Adaptif.'),
(1097, 87, 11, 3, ''),
(1098, 87, 12, 3, ''),
(1099, 88, 1, 3, ''),
(1100, 88, 2, 2, ''),
(1101, 88, 3, 3, ''),
(1102, 88, 4, 3, ''),
(1103, 88, 5, 3, ''),
(1104, 88, 6, 3, ''),
(1105, 88, 7, 2, ''),
(1106, 88, 8, 3, ''),
(1107, 88, 9, 2, 'Perlu penguatan pada area Adaptif.'),
(1108, 88, 10, 2, 'Perlu penguatan pada area Adaptif.'),
(1109, 88, 11, 3, ''),
(1110, 88, 12, 2, ''),
(1111, 89, 1, 2, ''),
(1112, 89, 2, 3, ''),
(1113, 89, 3, 4, ''),
(1114, 89, 4, 3, ''),
(1115, 89, 5, 4, ''),
(1116, 89, 6, 3, ''),
(1117, 89, 7, 3, ''),
(1118, 89, 8, 4, ''),
(1119, 89, 9, 4, ''),
(1120, 89, 10, 3, ''),
(1121, 89, 11, 3, ''),
(1122, 89, 12, 4, ''),
(1123, 90, 1, 3, ''),
(1124, 90, 2, 3, ''),
(1125, 90, 3, 3, ''),
(1126, 90, 4, 4, ''),
(1127, 90, 5, 3, ''),
(1128, 90, 6, 3, ''),
(1129, 90, 7, 4, ''),
(1130, 90, 8, 4, ''),
(1131, 90, 9, 3, ''),
(1132, 90, 10, 3, ''),
(1133, 90, 11, 4, ''),
(1134, 90, 12, 3, ''),
(1135, 91, 1, 3, ''),
(1136, 91, 2, 2, ''),
(1137, 91, 3, 4, ''),
(1138, 91, 4, 3, ''),
(1139, 91, 5, 3, ''),
(1140, 91, 6, 4, ''),
(1141, 91, 7, 4, ''),
(1142, 91, 8, 3, ''),
(1143, 91, 9, 3, ''),
(1144, 91, 10, 4, ''),
(1145, 91, 11, 3, ''),
(1146, 91, 12, 4, ''),
(1147, 92, 1, 4, ''),
(1148, 92, 2, 4, ''),
(1149, 92, 3, 4, ''),
(1150, 92, 4, 4, ''),
(1151, 92, 5, 4, ''),
(1152, 92, 6, 4, ''),
(1153, 92, 7, 4, ''),
(1154, 92, 8, 4, ''),
(1155, 92, 9, 4, ''),
(1156, 92, 10, 4, ''),
(1157, 92, 11, 3, ''),
(1158, 92, 12, 3, ''),
(1159, 93, 1, 4, ''),
(1160, 93, 2, 4, ''),
(1161, 93, 3, 4, ''),
(1162, 93, 4, 4, ''),
(1163, 93, 5, 4, ''),
(1164, 93, 6, 4, ''),
(1165, 93, 7, 4, ''),
(1166, 93, 8, 4, ''),
(1167, 93, 9, 4, ''),
(1168, 93, 10, 4, ''),
(1169, 93, 11, 3, ''),
(1170, 93, 12, 3, ''),
(1171, 94, 1, 4, ''),
(1172, 94, 2, 4, ''),
(1173, 94, 3, 4, ''),
(1174, 94, 4, 4, ''),
(1175, 94, 5, 4, ''),
(1176, 94, 6, 4, ''),
(1177, 94, 7, 4, ''),
(1178, 94, 8, 4, ''),
(1179, 94, 9, 4, ''),
(1180, 94, 10, 4, ''),
(1181, 94, 11, 3, ''),
(1182, 94, 12, 3, ''),
(1183, 95, 1, 3, ''),
(1184, 95, 2, 3, ''),
(1185, 95, 3, 2, 'Perlu penguatan pada area Kompeten.'),
(1186, 95, 4, 2, 'Perlu penguatan pada area Kompeten.'),
(1187, 95, 5, 2, ''),
(1188, 95, 6, 3, ''),
(1189, 95, 7, 3, ''),
(1190, 95, 8, 3, ''),
(1191, 95, 9, 3, ''),
(1192, 95, 10, 2, ''),
(1193, 95, 11, 3, ''),
(1194, 95, 12, 3, ''),
(1195, 96, 1, 3, ''),
(1196, 96, 2, 3, ''),
(1197, 96, 3, 2, 'Perlu penguatan pada area Kompeten.'),
(1198, 96, 4, 2, 'Perlu penguatan pada area Kompeten.'),
(1199, 96, 5, 3, ''),
(1200, 96, 6, 3, ''),
(1201, 96, 7, 3, ''),
(1202, 96, 8, 3, ''),
(1203, 96, 9, 2, ''),
(1204, 96, 10, 3, ''),
(1205, 96, 11, 3, ''),
(1206, 96, 12, 3, ''),
(1207, 97, 1, 3, ''),
(1208, 97, 2, 3, ''),
(1209, 97, 3, 2, 'Perlu penguatan pada area Kompeten.'),
(1210, 97, 4, 2, 'Perlu penguatan pada area Kompeten.'),
(1211, 97, 5, 3, ''),
(1212, 97, 6, 3, ''),
(1213, 97, 7, 3, ''),
(1214, 97, 8, 2, ''),
(1215, 97, 9, 3, ''),
(1216, 97, 10, 3, ''),
(1217, 97, 11, 3, ''),
(1218, 97, 12, 3, ''),
(1219, 98, 1, 4, ''),
(1220, 98, 2, 4, ''),
(1221, 98, 3, 4, ''),
(1222, 98, 4, 4, ''),
(1223, 98, 5, 4, ''),
(1224, 98, 6, 4, ''),
(1225, 98, 7, 3, ''),
(1226, 98, 8, 3, ''),
(1227, 98, 9, 4, ''),
(1228, 98, 10, 4, ''),
(1229, 98, 11, 4, ''),
(1230, 98, 12, 4, ''),
(1231, 99, 1, 4, ''),
(1232, 99, 2, 4, ''),
(1233, 99, 3, 4, ''),
(1234, 99, 4, 4, ''),
(1235, 99, 5, 4, ''),
(1236, 99, 6, 4, ''),
(1237, 99, 7, 3, ''),
(1238, 99, 8, 3, ''),
(1239, 99, 9, 4, ''),
(1240, 99, 10, 4, ''),
(1241, 99, 11, 4, ''),
(1242, 99, 12, 4, ''),
(1243, 100, 1, 4, ''),
(1244, 100, 2, 4, ''),
(1245, 100, 3, 4, ''),
(1246, 100, 4, 4, ''),
(1247, 100, 5, 4, ''),
(1248, 100, 6, 4, ''),
(1249, 100, 7, 3, ''),
(1250, 100, 8, 3, ''),
(1251, 100, 9, 4, ''),
(1252, 100, 10, 4, ''),
(1253, 100, 11, 4, ''),
(1254, 100, 12, 4, ''),
(1255, 101, 1, 4, ''),
(1256, 101, 2, 4, ''),
(1257, 101, 3, 4, ''),
(1258, 101, 4, 4, ''),
(1259, 101, 5, 4, ''),
(1260, 101, 6, 4, ''),
(1261, 101, 7, 3, ''),
(1262, 101, 8, 3, ''),
(1263, 101, 9, 4, ''),
(1264, 101, 10, 4, ''),
(1265, 101, 11, 4, ''),
(1266, 101, 12, 4, ''),
(1267, 102, 1, 3, ''),
(1268, 102, 2, 3, ''),
(1269, 102, 3, 2, ''),
(1270, 102, 4, 3, ''),
(1271, 102, 5, 3, ''),
(1272, 102, 6, 3, ''),
(1273, 102, 7, 3, ''),
(1274, 102, 8, 2, ''),
(1275, 102, 9, 2, 'Perlu penguatan pada area Adaptif.'),
(1276, 102, 10, 2, 'Perlu penguatan pada area Adaptif.'),
(1277, 102, 11, 3, ''),
(1278, 102, 12, 3, ''),
(1279, 103, 1, 3, ''),
(1280, 103, 2, 2, ''),
(1281, 103, 3, 3, ''),
(1282, 103, 4, 3, ''),
(1283, 103, 5, 3, ''),
(1284, 103, 6, 3, ''),
(1285, 103, 7, 2, ''),
(1286, 103, 8, 3, ''),
(1287, 103, 9, 2, 'Perlu penguatan pada area Adaptif.'),
(1288, 103, 10, 2, 'Perlu penguatan pada area Adaptif.'),
(1289, 103, 11, 3, ''),
(1290, 103, 12, 2, ''),
(1291, 104, 1, 2, ''),
(1292, 104, 2, 3, ''),
(1293, 104, 3, 3, ''),
(1294, 104, 4, 3, ''),
(1295, 104, 5, 3, ''),
(1296, 104, 6, 2, ''),
(1297, 104, 7, 3, ''),
(1298, 104, 8, 3, ''),
(1299, 104, 9, 2, 'Perlu penguatan pada area Adaptif.'),
(1300, 104, 10, 2, 'Perlu penguatan pada area Adaptif.'),
(1301, 104, 11, 2, ''),
(1302, 104, 12, 3, ''),
(1303, 105, 1, 4, ''),
(1304, 105, 2, 4, ''),
(1305, 105, 3, 3, ''),
(1306, 105, 4, 4, ''),
(1307, 105, 5, 3, ''),
(1308, 105, 6, 2, ''),
(1309, 105, 7, 4, ''),
(1310, 105, 8, 4, ''),
(1311, 105, 9, 3, ''),
(1312, 105, 10, 3, ''),
(1313, 105, 11, 4, ''),
(1314, 105, 12, 3, ''),
(1315, 106, 1, 4, ''),
(1316, 106, 2, 3, ''),
(1317, 106, 3, 4, ''),
(1318, 106, 4, 3, ''),
(1319, 106, 5, 2, ''),
(1320, 106, 6, 3, ''),
(1321, 106, 7, 4, ''),
(1322, 106, 8, 3, ''),
(1323, 106, 9, 3, ''),
(1324, 106, 10, 4, ''),
(1325, 106, 11, 3, ''),
(1326, 106, 12, 4, ''),
(1327, 107, 1, 3, ''),
(1328, 107, 2, 4, ''),
(1329, 107, 3, 3, ''),
(1330, 107, 4, 3, ''),
(1331, 107, 5, 3, ''),
(1332, 107, 6, 3, ''),
(1333, 107, 7, 3, ''),
(1334, 107, 8, 3, ''),
(1335, 107, 9, 4, ''),
(1336, 107, 10, 3, ''),
(1337, 107, 11, 4, ''),
(1338, 107, 12, 4, ''),
(1339, 108, 1, 3, ''),
(1340, 108, 2, 3, ''),
(1341, 108, 3, 4, ''),
(1342, 108, 4, 4, ''),
(1343, 108, 5, 4, ''),
(1344, 108, 6, 4, ''),
(1345, 108, 7, 4, ''),
(1346, 108, 8, 4, ''),
(1347, 108, 9, 4, ''),
(1348, 108, 10, 4, ''),
(1349, 108, 11, 4, ''),
(1350, 108, 12, 4, ''),
(1351, 109, 1, 3, ''),
(1352, 109, 2, 3, ''),
(1353, 109, 3, 4, ''),
(1354, 109, 4, 4, ''),
(1355, 109, 5, 4, ''),
(1356, 109, 6, 4, ''),
(1357, 109, 7, 4, ''),
(1358, 109, 8, 4, ''),
(1359, 109, 9, 4, ''),
(1360, 109, 10, 4, ''),
(1361, 109, 11, 4, ''),
(1362, 109, 12, 4, ''),
(1363, 110, 1, 3, ''),
(1364, 110, 2, 3, ''),
(1365, 110, 3, 4, ''),
(1366, 110, 4, 4, ''),
(1367, 110, 5, 4, ''),
(1368, 110, 6, 4, ''),
(1369, 110, 7, 4, ''),
(1370, 110, 8, 4, ''),
(1371, 110, 9, 4, ''),
(1372, 110, 10, 4, ''),
(1373, 110, 11, 4, ''),
(1374, 110, 12, 4, ''),
(1375, 111, 1, 3, ''),
(1376, 111, 2, 3, ''),
(1377, 111, 3, 3, ''),
(1378, 111, 4, 2, ''),
(1379, 111, 5, 3, ''),
(1380, 111, 6, 3, ''),
(1381, 111, 7, 3, ''),
(1382, 111, 8, 3, ''),
(1383, 111, 9, 2, ''),
(1384, 111, 10, 3, ''),
(1385, 111, 11, 2, 'Perlu penguatan pada area Kolaboratif.'),
(1386, 111, 12, 2, 'Perlu penguatan pada area Kolaboratif.'),
(1387, 112, 1, 3, ''),
(1388, 112, 2, 3, ''),
(1389, 112, 3, 2, ''),
(1390, 112, 4, 3, ''),
(1391, 112, 5, 3, ''),
(1392, 112, 6, 3, ''),
(1393, 112, 7, 3, ''),
(1394, 112, 8, 2, ''),
(1395, 112, 9, 3, ''),
(1396, 112, 10, 3, ''),
(1397, 112, 11, 2, 'Perlu penguatan pada area Kolaboratif.'),
(1398, 112, 12, 2, 'Perlu penguatan pada area Kolaboratif.'),
(1399, 113, 1, 3, ''),
(1400, 113, 2, 2, ''),
(1401, 113, 3, 3, ''),
(1402, 113, 4, 3, ''),
(1403, 113, 5, 3, ''),
(1404, 113, 6, 3, ''),
(1405, 113, 7, 2, ''),
(1406, 113, 8, 3, ''),
(1407, 113, 9, 3, ''),
(1408, 113, 10, 3, ''),
(1409, 113, 11, 2, 'Perlu penguatan pada area Kolaboratif.'),
(1410, 113, 12, 2, 'Perlu penguatan pada area Kolaboratif.'),
(1411, 114, 1, 3, ''),
(1412, 114, 2, 4, ''),
(1413, 114, 3, 3, ''),
(1414, 114, 4, 4, ''),
(1415, 114, 5, 3, ''),
(1416, 114, 6, 2, ''),
(1417, 114, 7, 4, ''),
(1418, 114, 8, 4, ''),
(1419, 114, 9, 3, ''),
(1420, 114, 10, 4, ''),
(1421, 114, 11, 3, ''),
(1422, 114, 12, 3, ''),
(1423, 115, 1, 4, ''),
(1424, 115, 2, 3, ''),
(1425, 115, 3, 4, ''),
(1426, 115, 4, 4, ''),
(1427, 115, 5, 2, ''),
(1428, 115, 6, 3, ''),
(1429, 115, 7, 4, ''),
(1430, 115, 8, 3, ''),
(1431, 115, 9, 4, ''),
(1432, 115, 10, 3, ''),
(1433, 115, 11, 3, ''),
(1434, 115, 12, 4, ''),
(1435, 116, 1, 3, ''),
(1436, 116, 2, 4, ''),
(1437, 116, 3, 4, ''),
(1438, 116, 4, 2, ''),
(1439, 116, 5, 3, ''),
(1440, 116, 6, 3, ''),
(1441, 116, 7, 3, ''),
(1442, 116, 8, 4, ''),
(1443, 116, 9, 3, ''),
(1444, 116, 10, 3, ''),
(1445, 116, 11, 4, ''),
(1446, 116, 12, 4, ''),
(1447, 117, 1, 2, 'Perlu penguatan pada area Amanah.'),
(1448, 117, 2, 2, 'Perlu penguatan pada area Amanah.'),
(1449, 117, 3, 2, ''),
(1450, 117, 4, 3, ''),
(1451, 117, 5, 3, ''),
(1452, 117, 6, 3, ''),
(1453, 117, 7, 3, ''),
(1454, 117, 8, 2, ''),
(1455, 117, 9, 3, ''),
(1456, 117, 10, 3, ''),
(1457, 117, 11, 3, ''),
(1458, 117, 12, 3, ''),
(1459, 118, 1, 2, 'Perlu penguatan pada area Amanah.'),
(1460, 118, 2, 2, 'Perlu penguatan pada area Amanah.'),
(1461, 118, 3, 3, ''),
(1462, 118, 4, 3, ''),
(1463, 118, 5, 3, ''),
(1464, 118, 6, 3, ''),
(1465, 118, 7, 2, ''),
(1466, 118, 8, 3, ''),
(1467, 118, 9, 3, ''),
(1468, 118, 10, 3, ''),
(1469, 118, 11, 3, ''),
(1470, 118, 12, 2, ''),
(1471, 119, 1, 2, 'Perlu penguatan pada area Amanah.'),
(1472, 119, 2, 2, 'Perlu penguatan pada area Amanah.'),
(1473, 119, 3, 3, ''),
(1474, 119, 4, 3, ''),
(1475, 119, 5, 3, ''),
(1476, 119, 6, 2, ''),
(1477, 119, 7, 3, ''),
(1478, 119, 8, 3, ''),
(1479, 119, 9, 3, ''),
(1480, 119, 10, 3, ''),
(1481, 119, 11, 2, ''),
(1482, 119, 12, 3, ''),
(1483, 120, 1, 2, 'Perlu penguatan pada area Amanah.'),
(1484, 120, 2, 2, 'Perlu penguatan pada area Amanah.'),
(1485, 120, 3, 3, ''),
(1486, 120, 4, 3, ''),
(1487, 120, 5, 2, ''),
(1488, 120, 6, 3, ''),
(1489, 120, 7, 3, ''),
(1490, 120, 8, 3, ''),
(1491, 120, 9, 3, ''),
(1492, 120, 10, 2, ''),
(1493, 120, 11, 3, ''),
(1494, 120, 12, 3, ''),
(1495, 121, 1, 4, ''),
(1496, 121, 2, 4, ''),
(1497, 121, 3, 3, ''),
(1498, 121, 4, 3, ''),
(1499, 121, 5, 4, ''),
(1500, 121, 6, 4, ''),
(1501, 121, 7, 4, ''),
(1502, 121, 8, 4, ''),
(1503, 121, 9, 4, ''),
(1504, 121, 10, 4, ''),
(1505, 121, 11, 4, ''),
(1506, 121, 12, 4, ''),
(1507, 122, 1, 4, ''),
(1508, 122, 2, 4, ''),
(1509, 122, 3, 3, ''),
(1510, 122, 4, 3, ''),
(1511, 122, 5, 4, ''),
(1512, 122, 6, 4, ''),
(1513, 122, 7, 4, ''),
(1514, 122, 8, 4, ''),
(1515, 122, 9, 4, ''),
(1516, 122, 10, 4, ''),
(1517, 122, 11, 4, ''),
(1518, 122, 12, 4, ''),
(1519, 123, 1, 4, ''),
(1520, 123, 2, 4, ''),
(1521, 123, 3, 3, ''),
(1522, 123, 4, 3, ''),
(1523, 123, 5, 4, ''),
(1524, 123, 6, 4, ''),
(1525, 123, 7, 4, ''),
(1526, 123, 8, 4, ''),
(1527, 123, 9, 4, ''),
(1528, 123, 10, 4, ''),
(1529, 123, 11, 4, ''),
(1530, 123, 12, 4, ''),
(1531, 124, 1, 4, ''),
(1532, 124, 2, 4, ''),
(1533, 124, 3, 3, ''),
(1534, 124, 4, 3, ''),
(1535, 124, 5, 4, ''),
(1536, 124, 6, 4, ''),
(1537, 124, 7, 4, ''),
(1538, 124, 8, 4, ''),
(1539, 124, 9, 4, ''),
(1540, 124, 10, 4, ''),
(1541, 124, 11, 4, ''),
(1542, 124, 12, 4, ''),
(1543, 125, 1, 5, ''),
(1544, 125, 2, 5, ''),
(1545, 125, 3, 5, ''),
(1546, 125, 4, 5, ''),
(1547, 125, 5, 5, ''),
(1548, 125, 6, 5, ''),
(1549, 125, 7, 5, ''),
(1550, 125, 8, 5, ''),
(1551, 125, 9, 5, ''),
(1552, 125, 10, 5, ''),
(1553, 125, 11, 5, ''),
(1554, 125, 12, 5, ''),
(1555, 126, 1, 5, ''),
(1556, 126, 2, 5, ''),
(1557, 126, 3, 5, ''),
(1558, 126, 4, 5, ''),
(1559, 126, 5, 5, ''),
(1560, 126, 6, 5, ''),
(1561, 126, 7, 5, ''),
(1562, 126, 8, 5, ''),
(1563, 126, 9, 5, ''),
(1564, 126, 10, 5, ''),
(1565, 126, 11, 5, ''),
(1566, 126, 12, 5, ''),
(1567, 127, 1, 5, ''),
(1568, 127, 2, 5, ''),
(1569, 127, 3, 5, ''),
(1570, 127, 4, 5, ''),
(1571, 127, 5, 5, ''),
(1572, 127, 6, 5, ''),
(1573, 127, 7, 5, ''),
(1574, 127, 8, 5, ''),
(1575, 127, 9, 5, ''),
(1576, 127, 10, 5, ''),
(1577, 127, 11, 5, ''),
(1578, 127, 12, 5, ''),
(1579, 128, 1, 4, ''),
(1580, 128, 2, 4, ''),
(1581, 128, 3, 4, ''),
(1582, 128, 4, 4, ''),
(1583, 128, 5, 4, ''),
(1584, 128, 6, 4, ''),
(1585, 128, 7, 4, ''),
(1586, 128, 8, 4, ''),
(1587, 128, 9, 4, ''),
(1588, 128, 10, 4, ''),
(1589, 128, 11, 3, ''),
(1590, 128, 12, 3, ''),
(1591, 129, 1, 4, ''),
(1592, 129, 2, 4, ''),
(1593, 129, 3, 4, ''),
(1594, 129, 4, 4, ''),
(1595, 129, 5, 4, ''),
(1596, 129, 6, 4, ''),
(1597, 129, 7, 4, ''),
(1598, 129, 8, 4, ''),
(1599, 129, 9, 4, ''),
(1600, 129, 10, 4, ''),
(1601, 129, 11, 3, ''),
(1602, 129, 12, 3, ''),
(1603, 130, 1, 4, ''),
(1604, 130, 2, 4, ''),
(1605, 130, 3, 4, ''),
(1606, 130, 4, 4, ''),
(1607, 130, 5, 4, ''),
(1608, 130, 6, 4, ''),
(1609, 130, 7, 4, ''),
(1610, 130, 8, 4, ''),
(1611, 130, 9, 4, ''),
(1612, 130, 10, 4, ''),
(1613, 130, 11, 3, ''),
(1614, 130, 12, 3, ''),
(1615, 131, 1, 4, ''),
(1616, 131, 2, 4, ''),
(1617, 131, 3, 4, ''),
(1618, 131, 4, 4, ''),
(1619, 131, 5, 4, ''),
(1620, 131, 6, 4, ''),
(1621, 131, 7, 4, ''),
(1622, 131, 8, 4, ''),
(1623, 131, 9, 3, ''),
(1624, 131, 10, 3, ''),
(1625, 131, 11, 4, ''),
(1626, 131, 12, 4, ''),
(1627, 132, 1, 4, ''),
(1628, 132, 2, 4, ''),
(1629, 132, 3, 4, ''),
(1630, 132, 4, 4, ''),
(1631, 132, 5, 4, ''),
(1632, 132, 6, 4, ''),
(1633, 132, 7, 4, ''),
(1634, 132, 8, 4, ''),
(1635, 132, 9, 3, ''),
(1636, 132, 10, 3, ''),
(1637, 132, 11, 4, ''),
(1638, 132, 12, 4, ''),
(1639, 133, 1, 4, ''),
(1640, 133, 2, 4, ''),
(1641, 133, 3, 4, ''),
(1642, 133, 4, 4, ''),
(1643, 133, 5, 4, ''),
(1644, 133, 6, 4, ''),
(1645, 133, 7, 4, ''),
(1646, 133, 8, 4, ''),
(1647, 133, 9, 3, ''),
(1648, 133, 10, 3, ''),
(1649, 133, 11, 4, ''),
(1650, 133, 12, 4, ''),
(1651, 134, 1, 5, ''),
(1652, 134, 2, 5, ''),
(1653, 134, 3, 5, ''),
(1654, 134, 4, 5, ''),
(1655, 134, 5, 5, ''),
(1656, 134, 6, 5, ''),
(1657, 134, 7, 5, ''),
(1658, 134, 8, 5, ''),
(1659, 134, 9, 5, ''),
(1660, 134, 10, 5, ''),
(1661, 134, 11, 5, ''),
(1662, 134, 12, 5, ''),
(1663, 135, 1, 5, ''),
(1664, 135, 2, 5, ''),
(1665, 135, 3, 5, ''),
(1666, 135, 4, 5, ''),
(1667, 135, 5, 5, ''),
(1668, 135, 6, 5, ''),
(1669, 135, 7, 5, ''),
(1670, 135, 8, 5, ''),
(1671, 135, 9, 5, ''),
(1672, 135, 10, 5, ''),
(1673, 135, 11, 5, ''),
(1674, 135, 12, 5, ''),
(1675, 136, 1, 5, ''),
(1676, 136, 2, 5, ''),
(1677, 136, 3, 5, ''),
(1678, 136, 4, 5, ''),
(1679, 136, 5, 5, ''),
(1680, 136, 6, 5, ''),
(1681, 136, 7, 5, ''),
(1682, 136, 8, 5, ''),
(1683, 136, 9, 5, ''),
(1684, 136, 10, 5, ''),
(1685, 136, 11, 5, ''),
(1686, 136, 12, 5, ''),
(1687, 137, 1, 5, ''),
(1688, 137, 2, 5, ''),
(1689, 137, 3, 5, ''),
(1690, 137, 4, 5, ''),
(1691, 137, 5, 5, ''),
(1692, 137, 6, 5, ''),
(1693, 137, 7, 5, ''),
(1694, 137, 8, 5, ''),
(1695, 137, 9, 5, ''),
(1696, 137, 10, 5, ''),
(1697, 137, 11, 5, ''),
(1698, 137, 12, 5, ''),
(1699, 138, 1, 5, ''),
(1700, 138, 2, 5, ''),
(1701, 138, 3, 5, ''),
(1702, 138, 4, 5, ''),
(1703, 138, 5, 5, ''),
(1704, 138, 6, 5, ''),
(1705, 138, 7, 5, ''),
(1706, 138, 8, 5, ''),
(1707, 138, 9, 5, ''),
(1708, 138, 10, 5, ''),
(1709, 138, 11, 5, ''),
(1710, 138, 12, 5, ''),
(1711, 139, 1, 5, ''),
(1712, 139, 2, 5, ''),
(1713, 139, 3, 5, ''),
(1714, 139, 4, 5, ''),
(1715, 139, 5, 5, ''),
(1716, 139, 6, 5, ''),
(1717, 139, 7, 5, ''),
(1718, 139, 8, 5, ''),
(1719, 139, 9, 5, ''),
(1720, 139, 10, 5, ''),
(1721, 139, 11, 5, ''),
(1722, 139, 12, 5, ''),
(1723, 140, 1, 5, ''),
(1724, 140, 2, 5, ''),
(1725, 140, 3, 5, ''),
(1726, 140, 4, 5, ''),
(1727, 140, 5, 5, ''),
(1728, 140, 6, 5, ''),
(1729, 140, 7, 5, ''),
(1730, 140, 8, 5, ''),
(1731, 140, 9, 5, ''),
(1732, 140, 10, 5, ''),
(1733, 140, 11, 5, ''),
(1734, 140, 12, 5, ''),
(1735, 141, 1, 5, ''),
(1736, 141, 2, 5, ''),
(1737, 141, 3, 5, ''),
(1738, 141, 4, 5, ''),
(1739, 141, 5, 5, ''),
(1740, 141, 6, 5, ''),
(1741, 141, 7, 5, ''),
(1742, 141, 8, 5, ''),
(1743, 141, 9, 5, ''),
(1744, 141, 10, 5, ''),
(1745, 141, 11, 5, ''),
(1746, 141, 12, 5, ''),
(1747, 142, 1, 5, ''),
(1748, 142, 2, 5, ''),
(1749, 142, 3, 5, ''),
(1750, 142, 4, 5, ''),
(1751, 142, 5, 5, ''),
(1752, 142, 6, 5, ''),
(1753, 142, 7, 5, ''),
(1754, 142, 8, 5, ''),
(1755, 142, 9, 5, ''),
(1756, 142, 10, 5, ''),
(1757, 142, 11, 5, ''),
(1758, 142, 12, 5, ''),
(1759, 143, 1, 5, ''),
(1760, 143, 2, 5, ''),
(1761, 143, 3, 5, ''),
(1762, 143, 4, 5, ''),
(1763, 143, 5, 5, ''),
(1764, 143, 6, 5, ''),
(1765, 143, 7, 5, ''),
(1766, 143, 8, 5, ''),
(1767, 143, 9, 5, ''),
(1768, 143, 10, 5, ''),
(1769, 143, 11, 5, ''),
(1770, 143, 12, 5, ''),
(1771, 144, 1, 2, ''),
(1772, 144, 2, 3, ''),
(1773, 144, 3, 3, ''),
(1774, 144, 4, 3, ''),
(1775, 144, 5, 3, ''),
(1776, 144, 6, 2, ''),
(1777, 144, 7, 3, ''),
(1778, 144, 8, 3, ''),
(1779, 144, 9, 2, 'Perlu penguatan pada area Adaptif.'),
(1780, 144, 10, 2, 'Perlu penguatan pada area Adaptif.'),
(1781, 144, 11, 2, ''),
(1782, 144, 12, 3, ''),
(1783, 145, 1, 3, ''),
(1784, 145, 2, 3, ''),
(1785, 145, 3, 3, ''),
(1786, 145, 4, 3, ''),
(1787, 145, 5, 2, ''),
(1788, 145, 6, 3, ''),
(1789, 145, 7, 3, ''),
(1790, 145, 8, 3, ''),
(1791, 145, 9, 2, 'Perlu penguatan pada area Adaptif.'),
(1792, 145, 10, 2, 'Perlu penguatan pada area Adaptif.'),
(1793, 145, 11, 3, ''),
(1794, 145, 12, 3, ''),
(1795, 146, 1, 3, ''),
(1796, 146, 2, 3, ''),
(1797, 146, 3, 3, ''),
(1798, 146, 4, 2, ''),
(1799, 146, 5, 3, ''),
(1800, 146, 6, 3, ''),
(1801, 146, 7, 3, ''),
(1802, 146, 8, 3, ''),
(1803, 146, 9, 2, 'Perlu penguatan pada area Adaptif.'),
(1804, 146, 10, 2, 'Perlu penguatan pada area Adaptif.'),
(1805, 146, 11, 3, ''),
(1806, 146, 12, 3, ''),
(1807, 147, 1, 3, ''),
(1808, 147, 2, 3, ''),
(1809, 147, 3, 2, ''),
(1810, 147, 4, 3, ''),
(1811, 147, 5, 3, ''),
(1812, 147, 6, 3, ''),
(1813, 147, 7, 3, ''),
(1814, 147, 8, 2, ''),
(1815, 147, 9, 2, 'Perlu penguatan pada area Adaptif.'),
(1816, 147, 10, 2, 'Perlu penguatan pada area Adaptif.'),
(1817, 147, 11, 3, ''),
(1818, 147, 12, 3, ''),
(1819, 148, 1, 3, ''),
(1820, 148, 2, 3, ''),
(1821, 148, 3, 4, ''),
(1822, 148, 4, 4, ''),
(1823, 148, 5, 4, ''),
(1824, 148, 6, 4, ''),
(1825, 148, 7, 4, ''),
(1826, 148, 8, 4, ''),
(1827, 148, 9, 4, ''),
(1828, 148, 10, 4, ''),
(1829, 148, 11, 4, ''),
(1830, 148, 12, 4, ''),
(1831, 149, 1, 3, ''),
(1832, 149, 2, 3, ''),
(1833, 149, 3, 4, ''),
(1834, 149, 4, 4, ''),
(1835, 149, 5, 4, ''),
(1836, 149, 6, 4, ''),
(1837, 149, 7, 4, ''),
(1838, 149, 8, 4, ''),
(1839, 149, 9, 4, ''),
(1840, 149, 10, 4, ''),
(1841, 149, 11, 4, ''),
(1842, 149, 12, 4, ''),
(1843, 150, 1, 3, ''),
(1844, 150, 2, 3, ''),
(1845, 150, 3, 4, ''),
(1846, 150, 4, 4, ''),
(1847, 150, 5, 4, ''),
(1848, 150, 6, 4, ''),
(1849, 150, 7, 4, ''),
(1850, 150, 8, 4, ''),
(1851, 150, 9, 4, ''),
(1852, 150, 10, 4, ''),
(1853, 150, 11, 4, ''),
(1854, 150, 12, 4, ''),
(1855, 151, 1, 4, ''),
(1856, 151, 2, 4, ''),
(1857, 151, 3, 4, ''),
(1858, 151, 4, 4, ''),
(1859, 151, 5, 4, ''),
(1860, 151, 6, 4, ''),
(1861, 151, 7, 4, ''),
(1862, 151, 8, 4, ''),
(1863, 151, 9, 4, ''),
(1864, 151, 10, 4, ''),
(1865, 151, 11, 3, ''),
(1866, 151, 12, 3, ''),
(1867, 152, 1, 4, ''),
(1868, 152, 2, 4, ''),
(1869, 152, 3, 4, ''),
(1870, 152, 4, 4, ''),
(1871, 152, 5, 4, ''),
(1872, 152, 6, 4, ''),
(1873, 152, 7, 4, ''),
(1874, 152, 8, 4, ''),
(1875, 152, 9, 4, ''),
(1876, 152, 10, 4, ''),
(1877, 152, 11, 3, ''),
(1878, 152, 12, 3, ''),
(1879, 153, 1, 4, ''),
(1880, 153, 2, 4, ''),
(1881, 153, 3, 4, ''),
(1882, 153, 4, 4, ''),
(1883, 153, 5, 4, ''),
(1884, 153, 6, 4, ''),
(1885, 153, 7, 4, ''),
(1886, 153, 8, 4, ''),
(1887, 153, 9, 4, ''),
(1888, 153, 10, 4, ''),
(1889, 153, 11, 3, ''),
(1890, 153, 12, 3, ''),
(1891, 154, 1, 2, ''),
(1892, 154, 2, 3, ''),
(1893, 154, 3, 2, 'Perlu penguatan pada area Kompeten.'),
(1894, 154, 4, 2, 'Perlu penguatan pada area Kompeten.'),
(1895, 154, 5, 3, ''),
(1896, 154, 6, 2, ''),
(1897, 154, 7, 3, ''),
(1898, 154, 8, 3, ''),
(1899, 154, 9, 3, ''),
(1900, 154, 10, 3, ''),
(1901, 154, 11, 2, ''),
(1902, 154, 12, 3, ''),
(1903, 155, 1, 3, ''),
(1904, 155, 2, 3, ''),
(1905, 155, 3, 2, 'Perlu penguatan pada area Kompeten.'),
(1906, 155, 4, 2, 'Perlu penguatan pada area Kompeten.'),
(1907, 155, 5, 2, ''),
(1908, 155, 6, 3, ''),
(1909, 155, 7, 3, ''),
(1910, 155, 8, 3, ''),
(1911, 155, 9, 3, ''),
(1912, 155, 10, 2, ''),
(1913, 155, 11, 3, ''),
(1914, 155, 12, 3, ''),
(1915, 156, 1, 3, ''),
(1916, 156, 2, 3, ''),
(1917, 156, 3, 2, 'Perlu penguatan pada area Kompeten.'),
(1918, 156, 4, 2, 'Perlu penguatan pada area Kompeten.'),
(1919, 156, 5, 3, ''),
(1920, 156, 6, 3, ''),
(1921, 156, 7, 3, ''),
(1922, 156, 8, 3, ''),
(1923, 156, 9, 2, ''),
(1924, 156, 10, 3, ''),
(1925, 156, 11, 3, ''),
(1926, 156, 12, 3, ''),
(1927, 157, 1, 4, ''),
(1928, 157, 2, 4, ''),
(1929, 157, 3, 4, ''),
(1930, 157, 4, 4, ''),
(1931, 157, 5, 4, ''),
(1932, 157, 6, 4, ''),
(1933, 157, 7, 3, ''),
(1934, 157, 8, 3, ''),
(1935, 157, 9, 4, ''),
(1936, 157, 10, 4, ''),
(1937, 157, 11, 4, ''),
(1938, 157, 12, 4, ''),
(1939, 158, 1, 4, ''),
(1940, 158, 2, 4, ''),
(1941, 158, 3, 4, ''),
(1942, 158, 4, 4, ''),
(1943, 158, 5, 4, ''),
(1944, 158, 6, 4, ''),
(1945, 158, 7, 3, ''),
(1946, 158, 8, 3, ''),
(1947, 158, 9, 4, ''),
(1948, 158, 10, 4, ''),
(1949, 158, 11, 4, ''),
(1950, 158, 12, 4, ''),
(1951, 159, 1, 4, ''),
(1952, 159, 2, 4, ''),
(1953, 159, 3, 4, ''),
(1954, 159, 4, 4, ''),
(1955, 159, 5, 4, ''),
(1956, 159, 6, 4, ''),
(1957, 159, 7, 3, ''),
(1958, 159, 8, 3, ''),
(1959, 159, 9, 4, ''),
(1960, 159, 10, 4, ''),
(1961, 159, 11, 4, ''),
(1962, 159, 12, 4, ''),
(1963, 160, 1, 4, ''),
(1964, 160, 2, 4, ''),
(1965, 160, 3, 4, ''),
(1966, 160, 4, 4, ''),
(1967, 160, 5, 4, ''),
(1968, 160, 6, 4, ''),
(1969, 160, 7, 3, ''),
(1970, 160, 8, 3, ''),
(1971, 160, 9, 4, ''),
(1972, 160, 10, 4, ''),
(1973, 160, 11, 4, ''),
(1974, 160, 12, 4, ''),
(1975, 161, 1, 3, ''),
(1976, 161, 2, 3, ''),
(1977, 161, 3, 3, ''),
(1978, 161, 4, 2, ''),
(1979, 161, 5, 3, ''),
(1980, 161, 6, 3, ''),
(1981, 161, 7, 3, ''),
(1982, 161, 8, 3, ''),
(1983, 161, 9, 2, 'Perlu penguatan pada area Adaptif.'),
(1984, 161, 10, 2, 'Perlu penguatan pada area Adaptif.'),
(1985, 161, 11, 3, ''),
(1986, 161, 12, 3, ''),
(1987, 162, 1, 3, ''),
(1988, 162, 2, 3, ''),
(1989, 162, 3, 2, ''),
(1990, 162, 4, 3, ''),
(1991, 162, 5, 3, ''),
(1992, 162, 6, 3, ''),
(1993, 162, 7, 3, ''),
(1994, 162, 8, 2, ''),
(1995, 162, 9, 2, 'Perlu penguatan pada area Adaptif.'),
(1996, 162, 10, 2, 'Perlu penguatan pada area Adaptif.'),
(1997, 162, 11, 3, ''),
(1998, 162, 12, 3, ''),
(1999, 163, 1, 3, ''),
(2000, 163, 2, 2, ''),
(2001, 163, 3, 3, ''),
(2002, 163, 4, 3, ''),
(2003, 163, 5, 3, ''),
(2004, 163, 6, 3, ''),
(2005, 163, 7, 2, ''),
(2006, 163, 8, 3, ''),
(2007, 163, 9, 2, 'Perlu penguatan pada area Adaptif.'),
(2008, 163, 10, 2, 'Perlu penguatan pada area Adaptif.'),
(2009, 163, 11, 3, ''),
(2010, 163, 12, 2, ''),
(2011, 164, 1, 2, ''),
(2012, 164, 2, 4, ''),
(2013, 164, 3, 4, ''),
(2014, 164, 4, 3, ''),
(2015, 164, 5, 3, ''),
(2016, 164, 6, 3, ''),
(2017, 164, 7, 3, ''),
(2018, 164, 8, 4, ''),
(2019, 164, 9, 4, ''),
(2020, 164, 10, 3, ''),
(2021, 164, 11, 3, ''),
(2022, 164, 12, 4, ''),
(2023, 165, 1, 4, ''),
(2024, 165, 2, 4, ''),
(2025, 165, 3, 3, ''),
(2026, 165, 4, 4, ''),
(2027, 165, 5, 3, ''),
(2028, 165, 6, 2, ''),
(2029, 165, 7, 4, ''),
(2030, 165, 8, 4, ''),
(2031, 165, 9, 3, ''),
(2032, 165, 10, 3, ''),
(2033, 165, 11, 4, ''),
(2034, 165, 12, 3, ''),
(2035, 166, 1, 4, ''),
(2036, 166, 2, 3, ''),
(2037, 166, 3, 4, ''),
(2038, 166, 4, 3, ''),
(2039, 166, 5, 2, ''),
(2040, 166, 6, 3, ''),
(2041, 166, 7, 4, ''),
(2042, 166, 8, 3, ''),
(2043, 166, 9, 3, ''),
(2044, 166, 10, 4, ''),
(2045, 166, 11, 3, ''),
(2046, 166, 12, 4, ''),
(2047, 167, 1, 3, ''),
(2048, 167, 2, 3, ''),
(2049, 167, 3, 4, ''),
(2050, 167, 4, 4, ''),
(2051, 167, 5, 4, ''),
(2052, 167, 6, 4, ''),
(2053, 167, 7, 4, ''),
(2054, 167, 8, 4, ''),
(2055, 167, 9, 4, ''),
(2056, 167, 10, 4, ''),
(2057, 167, 11, 4, ''),
(2058, 167, 12, 4, ''),
(2059, 168, 1, 3, ''),
(2060, 168, 2, 3, ''),
(2061, 168, 3, 4, ''),
(2062, 168, 4, 4, ''),
(2063, 168, 5, 4, ''),
(2064, 168, 6, 4, ''),
(2065, 168, 7, 4, ''),
(2066, 168, 8, 4, ''),
(2067, 168, 9, 4, ''),
(2068, 168, 10, 4, ''),
(2069, 168, 11, 4, ''),
(2070, 168, 12, 4, ''),
(2071, 169, 1, 3, ''),
(2072, 169, 2, 3, ''),
(2073, 169, 3, 4, ''),
(2074, 169, 4, 4, ''),
(2075, 169, 5, 4, ''),
(2076, 169, 6, 4, ''),
(2077, 169, 7, 4, ''),
(2078, 169, 8, 4, ''),
(2079, 169, 9, 4, ''),
(2080, 169, 10, 4, ''),
(2081, 169, 11, 4, ''),
(2082, 169, 12, 4, ''),
(2083, 170, 1, 3, ''),
(2084, 170, 2, 4, ''),
(2085, 170, 3, 4, ''),
(2086, 170, 4, 3, ''),
(2087, 170, 5, 3, ''),
(2088, 170, 6, 4, ''),
(2089, 170, 7, 3, ''),
(2090, 170, 8, 4, ''),
(2091, 170, 9, 4, ''),
(2092, 170, 10, 2, ''),
(2093, 170, 11, 3, ''),
(2094, 170, 12, 3, ''),
(2095, 171, 1, 4, ''),
(2096, 171, 2, 4, ''),
(2097, 171, 3, 3, ''),
(2098, 171, 4, 3, ''),
(2099, 171, 5, 4, ''),
(2100, 171, 6, 3, ''),
(2101, 171, 7, 4, ''),
(2102, 171, 8, 4, ''),
(2103, 171, 9, 2, ''),
(2104, 171, 10, 4, ''),
(2105, 171, 11, 3, ''),
(2106, 171, 12, 2, ''),
(2107, 172, 1, 4, ''),
(2108, 172, 2, 3, ''),
(2109, 172, 3, 3, ''),
(2110, 172, 4, 4, ''),
(2111, 172, 5, 3, ''),
(2112, 172, 6, 4, ''),
(2113, 172, 7, 4, ''),
(2114, 172, 8, 2, ''),
(2115, 172, 9, 4, ''),
(2116, 172, 10, 4, ''),
(2117, 172, 11, 2, ''),
(2118, 172, 12, 3, ''),
(2119, 173, 1, 3, ''),
(2120, 173, 2, 3, ''),
(2121, 173, 3, 4, ''),
(2122, 173, 4, 3, ''),
(2123, 173, 5, 3, ''),
(2124, 173, 6, 3, ''),
(2125, 173, 7, 2, ''),
(2126, 173, 8, 4, ''),
(2127, 173, 9, 4, ''),
(2128, 173, 10, 3, ''),
(2129, 173, 11, 4, ''),
(2130, 173, 12, 3, ''),
(2131, 174, 1, 3, ''),
(2132, 174, 2, 4, ''),
(2133, 174, 3, 3, ''),
(2134, 174, 4, 4, ''),
(2135, 174, 5, 3, ''),
(2136, 174, 6, 2, ''),
(2137, 174, 7, 4, ''),
(2138, 174, 8, 4, ''),
(2139, 174, 9, 3, ''),
(2140, 174, 10, 4, ''),
(2141, 174, 11, 3, ''),
(2142, 174, 12, 3, ''),
(2143, 175, 1, 4, ''),
(2144, 175, 2, 3, ''),
(2145, 175, 3, 4, ''),
(2146, 175, 4, 4, ''),
(2147, 175, 5, 2, ''),
(2148, 175, 6, 3, ''),
(2149, 175, 7, 4, ''),
(2150, 175, 8, 3, ''),
(2151, 175, 9, 4, ''),
(2152, 175, 10, 3, ''),
(2153, 175, 11, 3, ''),
(2154, 175, 12, 4, ''),
(2155, 176, 1, 2, ''),
(2156, 176, 2, 3, ''),
(2157, 176, 3, 4, ''),
(2158, 176, 4, 2, ''),
(2159, 176, 5, 4, ''),
(2160, 176, 6, 4, ''),
(2161, 176, 7, 3, ''),
(2162, 176, 8, 4, ''),
(2163, 176, 9, 3, ''),
(2164, 176, 10, 3, ''),
(2165, 176, 11, 4, ''),
(2166, 176, 12, 4, ''),
(2167, 177, 1, 3, ''),
(2168, 177, 2, 3, ''),
(2169, 177, 3, 2, ''),
(2170, 177, 4, 4, ''),
(2171, 177, 5, 4, ''),
(2172, 177, 6, 3, ''),
(2173, 177, 7, 4, ''),
(2174, 177, 8, 3, ''),
(2175, 177, 9, 3, ''),
(2176, 177, 10, 4, ''),
(2177, 177, 11, 4, ''),
(2178, 177, 12, 3, ''),
(2179, 178, 1, 3, ''),
(2180, 178, 2, 2, ''),
(2181, 178, 3, 4, ''),
(2182, 178, 4, 4, ''),
(2183, 178, 5, 3, ''),
(2184, 178, 6, 4, ''),
(2185, 178, 7, 3, ''),
(2186, 178, 8, 3, ''),
(2187, 178, 9, 4, ''),
(2188, 178, 10, 4, ''),
(2189, 178, 11, 3, ''),
(2190, 178, 12, 3, ''),
(2191, 179, 1, 2, ''),
(2192, 179, 2, 3, ''),
(2193, 179, 3, 4, ''),
(2194, 179, 4, 3, ''),
(2195, 179, 5, 4, ''),
(2196, 179, 6, 3, ''),
(2197, 179, 7, 3, ''),
(2198, 179, 8, 4, ''),
(2199, 179, 9, 4, ''),
(2200, 179, 10, 3, ''),
(2201, 179, 11, 3, ''),
(2202, 179, 12, 4, ''),
(2203, 180, 1, 5, ''),
(2204, 180, 2, 5, ''),
(2205, 180, 3, 5, ''),
(2206, 180, 4, 5, ''),
(2207, 180, 5, 5, ''),
(2208, 180, 6, 5, ''),
(2209, 180, 7, 5, ''),
(2210, 180, 8, 5, ''),
(2211, 180, 9, 5, ''),
(2212, 180, 10, 5, ''),
(2213, 180, 11, 5, ''),
(2214, 180, 12, 5, ''),
(2215, 181, 1, 5, ''),
(2216, 181, 2, 5, ''),
(2217, 181, 3, 5, ''),
(2218, 181, 4, 5, ''),
(2219, 181, 5, 5, ''),
(2220, 181, 6, 5, ''),
(2221, 181, 7, 5, ''),
(2222, 181, 8, 5, ''),
(2223, 181, 9, 5, ''),
(2224, 181, 10, 5, ''),
(2225, 181, 11, 5, ''),
(2226, 181, 12, 5, ''),
(2227, 182, 1, 5, ''),
(2228, 182, 2, 5, ''),
(2229, 182, 3, 5, ''),
(2230, 182, 4, 5, ''),
(2231, 182, 5, 5, ''),
(2232, 182, 6, 5, ''),
(2233, 182, 7, 5, ''),
(2234, 182, 8, 5, ''),
(2235, 182, 9, 5, ''),
(2236, 182, 10, 5, ''),
(2237, 182, 11, 5, ''),
(2238, 182, 12, 5, ''),
(2239, 183, 1, 5, ''),
(2240, 183, 2, 5, ''),
(2241, 183, 3, 5, ''),
(2242, 183, 4, 5, ''),
(2243, 183, 5, 5, ''),
(2244, 183, 6, 5, ''),
(2245, 183, 7, 5, ''),
(2246, 183, 8, 5, ''),
(2247, 183, 9, 5, ''),
(2248, 183, 10, 5, ''),
(2249, 183, 11, 5, ''),
(2250, 183, 12, 5, ''),
(2251, 184, 1, 5, ''),
(2252, 184, 2, 5, ''),
(2253, 184, 3, 5, ''),
(2254, 184, 4, 5, ''),
(2255, 184, 5, 5, ''),
(2256, 184, 6, 5, ''),
(2257, 184, 7, 5, ''),
(2258, 184, 8, 5, ''),
(2259, 184, 9, 5, ''),
(2260, 184, 10, 5, ''),
(2261, 184, 11, 5, ''),
(2262, 184, 12, 5, ''),
(2263, 185, 1, 5, ''),
(2264, 185, 2, 5, ''),
(2265, 185, 3, 5, ''),
(2266, 185, 4, 5, ''),
(2267, 185, 5, 5, ''),
(2268, 185, 6, 5, ''),
(2269, 185, 7, 5, ''),
(2270, 185, 8, 5, ''),
(2271, 185, 9, 5, ''),
(2272, 185, 10, 5, ''),
(2273, 185, 11, 5, ''),
(2274, 185, 12, 5, ''),
(2275, 186, 1, 5, ''),
(2276, 186, 2, 5, ''),
(2277, 186, 3, 5, ''),
(2278, 186, 4, 5, ''),
(2279, 186, 5, 5, ''),
(2280, 186, 6, 5, ''),
(2281, 186, 7, 5, ''),
(2282, 186, 8, 5, ''),
(2283, 186, 9, 5, ''),
(2284, 186, 10, 5, ''),
(2285, 186, 11, 5, ''),
(2286, 186, 12, 5, ''),
(2287, 187, 1, 4, ''),
(2288, 187, 2, 4, ''),
(2289, 187, 3, 4, ''),
(2290, 187, 4, 4, ''),
(2291, 187, 5, 4, ''),
(2292, 187, 6, 4, ''),
(2293, 187, 7, 4, ''),
(2294, 187, 8, 4, ''),
(2295, 187, 9, 4, ''),
(2296, 187, 10, 4, ''),
(2297, 187, 11, 3, ''),
(2298, 187, 12, 3, ''),
(2299, 188, 1, 4, ''),
(2300, 188, 2, 4, ''),
(2301, 188, 3, 4, ''),
(2302, 188, 4, 4, ''),
(2303, 188, 5, 4, ''),
(2304, 188, 6, 4, ''),
(2305, 188, 7, 4, ''),
(2306, 188, 8, 4, ''),
(2307, 188, 9, 4, ''),
(2308, 188, 10, 4, ''),
(2309, 188, 11, 3, ''),
(2310, 188, 12, 3, ''),
(2311, 189, 1, 4, ''),
(2312, 189, 2, 4, ''),
(2313, 189, 3, 4, ''),
(2314, 189, 4, 4, ''),
(2315, 189, 5, 4, ''),
(2316, 189, 6, 4, ''),
(2317, 189, 7, 4, ''),
(2318, 189, 8, 4, ''),
(2319, 189, 9, 4, ''),
(2320, 189, 10, 4, ''),
(2321, 189, 11, 3, ''),
(2322, 189, 12, 3, ''),
(2323, 190, 1, 4, ''),
(2324, 190, 2, 4, ''),
(2325, 190, 3, 4, ''),
(2326, 190, 4, 4, ''),
(2327, 190, 5, 4, ''),
(2328, 190, 6, 4, ''),
(2329, 190, 7, 4, ''),
(2330, 190, 8, 4, ''),
(2331, 190, 9, 3, ''),
(2332, 190, 10, 3, ''),
(2333, 190, 11, 4, ''),
(2334, 190, 12, 4, ''),
(2335, 191, 1, 4, ''),
(2336, 191, 2, 4, ''),
(2337, 191, 3, 4, ''),
(2338, 191, 4, 4, ''),
(2339, 191, 5, 4, ''),
(2340, 191, 6, 4, ''),
(2341, 191, 7, 4, ''),
(2342, 191, 8, 4, ''),
(2343, 191, 9, 3, ''),
(2344, 191, 10, 3, ''),
(2345, 191, 11, 4, ''),
(2346, 191, 12, 4, ''),
(2347, 192, 1, 4, ''),
(2348, 192, 2, 4, ''),
(2349, 192, 3, 4, ''),
(2350, 192, 4, 4, ''),
(2351, 192, 5, 4, ''),
(2352, 192, 6, 4, ''),
(2353, 192, 7, 4, ''),
(2354, 192, 8, 4, ''),
(2355, 192, 9, 3, ''),
(2356, 192, 10, 3, ''),
(2357, 192, 11, 4, ''),
(2358, 192, 12, 4, ''),
(2359, 193, 1, 5, ''),
(2360, 193, 2, 5, ''),
(2361, 193, 3, 5, ''),
(2362, 193, 4, 5, ''),
(2363, 193, 5, 5, ''),
(2364, 193, 6, 5, ''),
(2365, 193, 7, 5, ''),
(2366, 193, 8, 5, '');
INSERT INTO `assessment_details` (`assessment_detail_id`, `assessment_id`, `question_id`, `score`, `comment`) VALUES
(2367, 193, 9, 5, ''),
(2368, 193, 10, 5, ''),
(2369, 193, 11, 5, ''),
(2370, 193, 12, 5, ''),
(2371, 194, 1, 5, ''),
(2372, 194, 2, 5, ''),
(2373, 194, 3, 5, ''),
(2374, 194, 4, 5, ''),
(2375, 194, 5, 5, ''),
(2376, 194, 6, 5, ''),
(2377, 194, 7, 5, ''),
(2378, 194, 8, 5, ''),
(2379, 194, 9, 5, ''),
(2380, 194, 10, 5, ''),
(2381, 194, 11, 5, ''),
(2382, 194, 12, 5, ''),
(2383, 195, 1, 5, ''),
(2384, 195, 2, 5, ''),
(2385, 195, 3, 5, ''),
(2386, 195, 4, 5, ''),
(2387, 195, 5, 5, ''),
(2388, 195, 6, 5, ''),
(2389, 195, 7, 5, ''),
(2390, 195, 8, 5, ''),
(2391, 195, 9, 5, ''),
(2392, 195, 10, 5, ''),
(2393, 195, 11, 5, ''),
(2394, 195, 12, 5, ''),
(2395, 196, 1, 5, ''),
(2396, 196, 2, 5, ''),
(2397, 196, 3, 5, ''),
(2398, 196, 4, 5, ''),
(2399, 196, 5, 5, ''),
(2400, 196, 6, 5, ''),
(2401, 196, 7, 5, ''),
(2402, 196, 8, 5, ''),
(2403, 196, 9, 5, ''),
(2404, 196, 10, 5, ''),
(2405, 196, 11, 5, ''),
(2406, 196, 12, 5, ''),
(2407, 197, 1, 5, ''),
(2408, 197, 2, 5, ''),
(2409, 197, 3, 5, ''),
(2410, 197, 4, 5, ''),
(2411, 197, 5, 5, ''),
(2412, 197, 6, 5, ''),
(2413, 197, 7, 5, ''),
(2414, 197, 8, 5, ''),
(2415, 197, 9, 5, ''),
(2416, 197, 10, 5, ''),
(2417, 197, 11, 5, ''),
(2418, 197, 12, 5, ''),
(2419, 198, 1, 5, ''),
(2420, 198, 2, 5, ''),
(2421, 198, 3, 5, ''),
(2422, 198, 4, 5, ''),
(2423, 198, 5, 5, ''),
(2424, 198, 6, 5, ''),
(2425, 198, 7, 5, ''),
(2426, 198, 8, 5, ''),
(2427, 198, 9, 5, ''),
(2428, 198, 10, 5, ''),
(2429, 198, 11, 5, ''),
(2430, 198, 12, 5, ''),
(2431, 199, 1, 5, ''),
(2432, 199, 2, 5, ''),
(2433, 199, 3, 5, ''),
(2434, 199, 4, 5, ''),
(2435, 199, 5, 5, ''),
(2436, 199, 6, 5, ''),
(2437, 199, 7, 5, ''),
(2438, 199, 8, 5, ''),
(2439, 199, 9, 5, ''),
(2440, 199, 10, 5, ''),
(2441, 199, 11, 5, ''),
(2442, 199, 12, 5, ''),
(2443, 200, 1, 5, ''),
(2444, 200, 2, 5, ''),
(2445, 200, 3, 5, ''),
(2446, 200, 4, 5, ''),
(2447, 200, 5, 5, ''),
(2448, 200, 6, 5, ''),
(2449, 200, 7, 5, ''),
(2450, 200, 8, 5, ''),
(2451, 200, 9, 5, ''),
(2452, 200, 10, 5, ''),
(2453, 200, 11, 5, ''),
(2454, 200, 12, 5, ''),
(2455, 201, 1, 5, ''),
(2456, 201, 2, 5, ''),
(2457, 201, 3, 5, ''),
(2458, 201, 4, 5, ''),
(2459, 201, 5, 5, ''),
(2460, 201, 6, 5, ''),
(2461, 201, 7, 5, ''),
(2462, 201, 8, 5, ''),
(2463, 201, 9, 5, ''),
(2464, 201, 10, 5, ''),
(2465, 201, 11, 5, ''),
(2466, 201, 12, 5, ''),
(2467, 202, 1, 5, ''),
(2468, 202, 2, 5, ''),
(2469, 202, 3, 5, ''),
(2470, 202, 4, 5, ''),
(2471, 202, 5, 5, ''),
(2472, 202, 6, 5, ''),
(2473, 202, 7, 5, ''),
(2474, 202, 8, 5, ''),
(2475, 202, 9, 5, ''),
(2476, 202, 10, 5, ''),
(2477, 202, 11, 5, ''),
(2478, 202, 12, 5, ''),
(2479, 203, 1, 3, ''),
(2480, 203, 2, 3, ''),
(2481, 203, 3, 4, ''),
(2482, 203, 4, 3, ''),
(2483, 203, 5, 4, ''),
(2484, 203, 6, 4, ''),
(2485, 203, 7, 2, ''),
(2486, 203, 8, 4, ''),
(2487, 203, 9, 3, ''),
(2488, 203, 10, 2, ''),
(2489, 203, 11, 4, ''),
(2490, 203, 12, 3, ''),
(2491, 204, 1, 3, ''),
(2492, 204, 2, 4, ''),
(2493, 204, 3, 3, ''),
(2494, 204, 4, 4, ''),
(2495, 204, 5, 4, ''),
(2496, 204, 6, 2, ''),
(2497, 204, 7, 4, ''),
(2498, 204, 8, 4, ''),
(2499, 204, 9, 2, ''),
(2500, 204, 10, 3, ''),
(2501, 204, 11, 3, ''),
(2502, 204, 12, 3, ''),
(2503, 205, 1, 4, ''),
(2504, 205, 2, 3, ''),
(2505, 205, 3, 4, ''),
(2506, 205, 4, 4, ''),
(2507, 205, 5, 2, ''),
(2508, 205, 6, 4, ''),
(2509, 205, 7, 4, ''),
(2510, 205, 8, 3, ''),
(2511, 205, 9, 3, ''),
(2512, 205, 10, 3, ''),
(2513, 205, 11, 3, ''),
(2514, 205, 12, 4, ''),
(2515, 206, 1, 3, ''),
(2516, 206, 2, 4, ''),
(2517, 206, 3, 4, ''),
(2518, 206, 4, 2, ''),
(2519, 206, 5, 4, ''),
(2520, 206, 6, 4, ''),
(2521, 206, 7, 3, ''),
(2522, 206, 8, 4, ''),
(2523, 206, 9, 3, ''),
(2524, 206, 10, 2, ''),
(2525, 206, 11, 4, ''),
(2526, 206, 12, 4, ''),
(2527, 207, 1, 3, ''),
(2528, 207, 2, 3, ''),
(2529, 207, 3, 4, ''),
(2530, 207, 4, 4, ''),
(2531, 207, 5, 4, ''),
(2532, 207, 6, 4, ''),
(2533, 207, 7, 4, ''),
(2534, 207, 8, 4, ''),
(2535, 207, 9, 4, ''),
(2536, 207, 10, 4, ''),
(2537, 207, 11, 4, ''),
(2538, 207, 12, 4, ''),
(2539, 208, 1, 3, ''),
(2540, 208, 2, 3, ''),
(2541, 208, 3, 4, ''),
(2542, 208, 4, 4, ''),
(2543, 208, 5, 4, ''),
(2544, 208, 6, 4, ''),
(2545, 208, 7, 4, ''),
(2546, 208, 8, 4, ''),
(2547, 208, 9, 4, ''),
(2548, 208, 10, 4, ''),
(2549, 208, 11, 4, ''),
(2550, 208, 12, 4, ''),
(2551, 209, 1, 3, ''),
(2552, 209, 2, 3, ''),
(2553, 209, 3, 4, ''),
(2554, 209, 4, 4, ''),
(2555, 209, 5, 4, ''),
(2556, 209, 6, 4, ''),
(2557, 209, 7, 4, ''),
(2558, 209, 8, 4, ''),
(2559, 209, 9, 4, ''),
(2560, 209, 10, 4, ''),
(2561, 209, 11, 4, ''),
(2562, 209, 12, 4, ''),
(2563, 210, 1, 4, ''),
(2564, 210, 2, 4, ''),
(2565, 210, 3, 4, ''),
(2566, 210, 4, 4, ''),
(2567, 210, 5, 4, ''),
(2568, 210, 6, 4, ''),
(2569, 210, 7, 4, ''),
(2570, 210, 8, 4, ''),
(2571, 210, 9, 4, ''),
(2572, 210, 10, 4, ''),
(2573, 210, 11, 3, ''),
(2574, 210, 12, 3, ''),
(2575, 211, 1, 4, ''),
(2576, 211, 2, 4, ''),
(2577, 211, 3, 4, ''),
(2578, 211, 4, 4, ''),
(2579, 211, 5, 4, ''),
(2580, 211, 6, 4, ''),
(2581, 211, 7, 4, ''),
(2582, 211, 8, 4, ''),
(2583, 211, 9, 4, ''),
(2584, 211, 10, 4, ''),
(2585, 211, 11, 3, ''),
(2586, 211, 12, 3, ''),
(2587, 212, 1, 4, ''),
(2588, 212, 2, 4, ''),
(2589, 212, 3, 4, ''),
(2590, 212, 4, 4, ''),
(2591, 212, 5, 4, ''),
(2592, 212, 6, 4, ''),
(2593, 212, 7, 4, ''),
(2594, 212, 8, 4, ''),
(2595, 212, 9, 4, ''),
(2596, 212, 10, 4, ''),
(2597, 212, 11, 3, ''),
(2598, 212, 12, 3, ''),
(2599, 213, 1, 4, ''),
(2600, 213, 2, 3, ''),
(2601, 213, 3, 2, ''),
(2602, 213, 4, 3, ''),
(2603, 213, 5, 4, ''),
(2604, 213, 6, 3, ''),
(2605, 213, 7, 3, ''),
(2606, 213, 8, 4, ''),
(2607, 213, 9, 3, ''),
(2608, 213, 10, 4, ''),
(2609, 213, 11, 4, ''),
(2610, 213, 12, 2, ''),
(2611, 214, 1, 3, ''),
(2612, 214, 2, 3, ''),
(2613, 214, 3, 3, ''),
(2614, 214, 4, 3, ''),
(2615, 214, 5, 3, ''),
(2616, 214, 6, 3, ''),
(2617, 214, 7, 4, ''),
(2618, 214, 8, 3, ''),
(2619, 214, 9, 4, ''),
(2620, 214, 10, 4, ''),
(2621, 214, 11, 2, ''),
(2622, 214, 12, 4, ''),
(2623, 215, 1, 3, ''),
(2624, 215, 2, 4, ''),
(2625, 215, 3, 3, ''),
(2626, 215, 4, 2, ''),
(2627, 215, 5, 3, ''),
(2628, 215, 6, 4, ''),
(2629, 215, 7, 3, ''),
(2630, 215, 8, 4, ''),
(2631, 215, 9, 4, ''),
(2632, 215, 10, 2, ''),
(2633, 215, 11, 4, ''),
(2634, 215, 12, 4, ''),
(2635, 216, 1, 4, ''),
(2636, 216, 2, 4, ''),
(2637, 216, 3, 4, ''),
(2638, 216, 4, 4, ''),
(2639, 216, 5, 4, ''),
(2640, 216, 6, 4, ''),
(2641, 216, 7, 3, ''),
(2642, 216, 8, 3, ''),
(2643, 216, 9, 4, ''),
(2644, 216, 10, 4, ''),
(2645, 216, 11, 4, ''),
(2646, 216, 12, 4, ''),
(2647, 217, 1, 4, ''),
(2648, 217, 2, 4, ''),
(2649, 217, 3, 4, ''),
(2650, 217, 4, 4, ''),
(2651, 217, 5, 4, ''),
(2652, 217, 6, 4, ''),
(2653, 217, 7, 3, ''),
(2654, 217, 8, 3, ''),
(2655, 217, 9, 4, ''),
(2656, 217, 10, 4, ''),
(2657, 217, 11, 4, ''),
(2658, 217, 12, 4, ''),
(2659, 218, 1, 4, ''),
(2660, 218, 2, 4, ''),
(2661, 218, 3, 4, ''),
(2662, 218, 4, 4, ''),
(2663, 218, 5, 4, ''),
(2664, 218, 6, 4, ''),
(2665, 218, 7, 3, ''),
(2666, 218, 8, 3, ''),
(2667, 218, 9, 4, ''),
(2668, 218, 10, 4, ''),
(2669, 218, 11, 4, ''),
(2670, 218, 12, 4, ''),
(2671, 219, 1, 4, ''),
(2672, 219, 2, 4, ''),
(2673, 219, 3, 4, ''),
(2674, 219, 4, 4, ''),
(2675, 219, 5, 4, ''),
(2676, 219, 6, 4, ''),
(2677, 219, 7, 3, ''),
(2678, 219, 8, 3, ''),
(2679, 219, 9, 4, ''),
(2680, 219, 10, 4, ''),
(2681, 219, 11, 4, ''),
(2682, 219, 12, 4, ''),
(2683, 220, 1, 4, ''),
(2684, 220, 2, 3, ''),
(2685, 220, 3, 4, ''),
(2686, 220, 4, 4, ''),
(2687, 220, 5, 2, ''),
(2688, 220, 6, 4, ''),
(2689, 220, 7, 4, ''),
(2690, 220, 8, 3, ''),
(2691, 220, 9, 3, ''),
(2692, 220, 10, 3, ''),
(2693, 220, 11, 3, ''),
(2694, 220, 12, 4, ''),
(2695, 221, 1, 3, ''),
(2696, 221, 2, 4, ''),
(2697, 221, 3, 4, ''),
(2698, 221, 4, 2, ''),
(2699, 221, 5, 4, ''),
(2700, 221, 6, 4, ''),
(2701, 221, 7, 3, ''),
(2702, 221, 8, 4, ''),
(2703, 221, 9, 3, ''),
(2704, 221, 10, 2, ''),
(2705, 221, 11, 4, ''),
(2706, 221, 12, 4, ''),
(2707, 222, 1, 4, ''),
(2708, 222, 2, 4, ''),
(2709, 222, 3, 2, ''),
(2710, 222, 4, 4, ''),
(2711, 222, 5, 4, ''),
(2712, 222, 6, 3, ''),
(2713, 222, 7, 4, ''),
(2714, 222, 8, 3, ''),
(2715, 222, 9, 2, ''),
(2716, 222, 10, 3, ''),
(2717, 222, 11, 4, ''),
(2718, 222, 12, 3, ''),
(2719, 223, 1, 4, ''),
(2720, 223, 2, 4, ''),
(2721, 223, 3, 4, ''),
(2722, 223, 4, 4, ''),
(2723, 223, 5, 3, ''),
(2724, 223, 6, 3, ''),
(2725, 223, 7, 4, ''),
(2726, 223, 8, 4, ''),
(2727, 223, 9, 4, ''),
(2728, 223, 10, 4, ''),
(2729, 223, 11, 4, ''),
(2730, 223, 12, 4, ''),
(2731, 224, 1, 4, ''),
(2732, 224, 2, 4, ''),
(2733, 224, 3, 4, ''),
(2734, 224, 4, 4, ''),
(2735, 224, 5, 3, ''),
(2736, 224, 6, 3, ''),
(2737, 224, 7, 4, ''),
(2738, 224, 8, 4, ''),
(2739, 224, 9, 4, ''),
(2740, 224, 10, 4, ''),
(2741, 224, 11, 4, ''),
(2742, 224, 12, 4, ''),
(2743, 225, 1, 4, ''),
(2744, 225, 2, 4, ''),
(2745, 225, 3, 4, ''),
(2746, 225, 4, 4, ''),
(2747, 225, 5, 3, ''),
(2748, 225, 6, 3, ''),
(2749, 225, 7, 4, ''),
(2750, 225, 8, 4, ''),
(2751, 225, 9, 4, ''),
(2752, 225, 10, 4, ''),
(2753, 225, 11, 4, ''),
(2754, 225, 12, 4, ''),
(2755, 226, 1, 3, ''),
(2756, 226, 2, 3, ''),
(2757, 226, 3, 4, ''),
(2758, 226, 4, 4, ''),
(2759, 226, 5, 4, ''),
(2760, 226, 6, 4, ''),
(2761, 226, 7, 4, ''),
(2762, 226, 8, 4, ''),
(2763, 226, 9, 4, ''),
(2764, 226, 10, 4, ''),
(2765, 226, 11, 4, ''),
(2766, 226, 12, 4, ''),
(2767, 227, 1, 3, ''),
(2768, 227, 2, 3, ''),
(2769, 227, 3, 4, ''),
(2770, 227, 4, 4, ''),
(2771, 227, 5, 4, ''),
(2772, 227, 6, 4, ''),
(2773, 227, 7, 4, ''),
(2774, 227, 8, 4, ''),
(2775, 227, 9, 4, ''),
(2776, 227, 10, 4, ''),
(2777, 227, 11, 4, ''),
(2778, 227, 12, 4, ''),
(2779, 228, 1, 3, ''),
(2780, 228, 2, 3, ''),
(2781, 228, 3, 4, ''),
(2782, 228, 4, 4, ''),
(2783, 228, 5, 4, ''),
(2784, 228, 6, 4, ''),
(2785, 228, 7, 4, ''),
(2786, 228, 8, 4, ''),
(2787, 228, 9, 4, ''),
(2788, 228, 10, 4, ''),
(2789, 228, 11, 4, ''),
(2790, 228, 12, 4, ''),
(2791, 229, 1, 3, ''),
(2792, 229, 2, 3, ''),
(2793, 229, 3, 4, ''),
(2794, 229, 4, 4, ''),
(2795, 229, 5, 3, ''),
(2796, 229, 6, 3, ''),
(2797, 229, 7, 4, ''),
(2798, 229, 8, 3, ''),
(2799, 229, 9, 4, ''),
(2800, 229, 10, 4, ''),
(2801, 229, 11, 2, ''),
(2802, 229, 12, 3, ''),
(2803, 230, 1, 3, ''),
(2804, 230, 2, 4, ''),
(2805, 230, 3, 4, ''),
(2806, 230, 4, 3, ''),
(2807, 230, 5, 3, ''),
(2808, 230, 6, 4, ''),
(2809, 230, 7, 3, ''),
(2810, 230, 8, 4, ''),
(2811, 230, 9, 4, ''),
(2812, 230, 10, 2, ''),
(2813, 230, 11, 3, ''),
(2814, 230, 12, 3, ''),
(2815, 231, 1, 4, ''),
(2816, 231, 2, 4, ''),
(2817, 231, 3, 3, ''),
(2818, 231, 4, 3, ''),
(2819, 231, 5, 4, ''),
(2820, 231, 6, 3, ''),
(2821, 231, 7, 4, ''),
(2822, 231, 8, 4, ''),
(2823, 231, 9, 2, ''),
(2824, 231, 10, 4, ''),
(2825, 231, 11, 3, ''),
(2826, 231, 12, 2, '');

-- --------------------------------------------------------

--
-- Table structure for table `audit_logs`
--

CREATE TABLE `audit_logs` (
  `log_id` int(11) NOT NULL,
  `user_id` int(11) NOT NULL,
  `activity` varchar(255) NOT NULL,
  `activity_time` datetime NOT NULL,
  `ip_address` varchar(50) DEFAULT NULL
) ENGINE=InnoDB DEFAULT CHARSET=utf8mb4 COLLATE=utf8mb4_general_ci;

--
-- Dumping data for table `audit_logs`
--

INSERT INTO `audit_logs` (`log_id`, `user_id`, `activity`, `activity_time`, `ip_address`) VALUES
(1, 1, 'Seed database imported', '2026-06-17 17:25:12', '127.0.0.1'),
(2, 2, 'Membuat periode evaluasi AKHLAK', '2026-06-17 17:25:12', '127.0.0.1'),
(3, 3, 'Memvalidasi peer assignment tim Operations', '2026-06-17 17:25:12', '127.0.0.1'),
(4, 8, 'Mengisi self-assessment', '2026-06-17 17:25:12', '127.0.0.1'),
(5, 1, 'Simpan periode evaluasi', '2026-06-17 17:25:32', '::1'),
(6, 1, 'Membuat notifikasi', '2026-06-17 17:28:53', '::1'),
(7, 1, 'Simpan periode evaluasi', '2026-06-17 17:29:01', '::1'),
(8, 1, 'Kelola pertanyaan AKHLAK', '2026-06-17 17:29:20', '::1'),
(9, 1, 'Tambah karyawan Joko Knalpot', '2026-06-17 17:32:00', '::1'),
(10, 1, 'Kelola pertanyaan AKHLAK', '2026-06-17 17:33:12', '::1'),
(11, 1, 'Tambah periode evaluasi Evaluasi AKHLAK Semester 3 2026', '2026-06-17 17:34:28', '::1'),
(12, 1, 'Update peer assignment', '2026-06-17 17:34:59', '::1'),
(13, 1, 'Submit assessment Self Assessment', '2026-06-17 17:35:16', '::1'),
(14, 1, 'Update karyawan Anggit', '2026-06-17 17:37:07', '::1'),
(15, 1, 'Update karyawan Salsabila Kirana', '2026-06-17 17:37:12', '::1'),
(16, 1, 'Update karyawan Rama Pratama', '2026-06-17 17:37:16', '::1'),
(17, 1, 'Update karyawan Dimas Nugraha', '2026-06-17 17:37:20', '::1'),
(18, 1, 'Update karyawan Nadia Maharani', '2026-06-17 17:37:25', '::1'),
(19, 1, 'Update karyawan Bima Arya', '2026-06-17 17:37:30', '::1'),
(20, 1, 'Update karyawan Intan Wulandari', '2026-06-17 17:37:35', '::1'),
(21, 1, 'Update karyawan Gifary', '2026-06-17 17:37:42', '::1'),
(22, 1, 'Update karyawan Daffa Sayyid Zahran', '2026-06-17 17:37:47', '::1'),
(23, 1, 'Update karyawan Anggit', '2026-06-17 17:37:51', '::1'),
(24, 1, 'Logout dari sistem', '2026-06-17 17:37:55', '::1'),
(25, 8, 'Login berhasil sebagai Karyawan', '2026-06-17 17:38:36', '::1'),
(26, 8, 'Logout dari sistem', '2026-06-17 17:38:56', '::1'),
(27, 1, 'Login berhasil sebagai Admin HR', '2026-06-17 17:39:30', '::1'),
(28, 1, 'Tambah pertanyaan AKHLAK', '2026-06-17 17:39:53', '::1'),
(29, 1, 'Tambah peer assignment', '2026-06-17 17:40:18', '::1'),
(30, 1, 'Logout dari sistem', '2026-06-17 18:01:23', '::1'),
(31, 1, 'Login berhasil sebagai Admin HR', '2026-06-17 18:02:05', '::1'),
(32, 1, 'Logout dari sistem', '2026-06-17 18:07:39', '::1'),
(33, 1, 'Login berhasil sebagai Admin HR', '2026-06-17 18:13:01', '::1'),
(34, 1, 'Logout dari sistem', '2026-06-17 18:20:04', '::1'),
(35, 1, 'Login berhasil sebagai Admin HR', '2026-06-17 18:22:23', '::1'),
(36, 1, 'Logout dari sistem', '2026-06-17 18:31:39', '::1'),
(37, 8, 'Login berhasil sebagai Karyawan', '2026-06-17 18:33:20', '::1'),
(38, 8, 'Logout dari sistem', '2026-06-17 18:35:34', '::1'),
(39, 3, 'Login berhasil sebagai Atasan', '2026-06-17 18:35:38', '::1'),
(40, 3, 'Logout dari sistem', '2026-06-17 18:35:46', '::1'),
(41, 2, 'Login berhasil sebagai Admin HR', '2026-06-17 18:35:52', '::1'),
(42, 2, 'Logout dari sistem', '2026-06-17 18:36:01', '::1'),
(43, 3, 'Login berhasil sebagai Atasan', '2026-06-17 18:36:05', '::1'),
(44, 3, 'Logout dari sistem', '2026-06-17 18:38:10', '::1'),
(45, 4, 'Login berhasil sebagai Karyawan', '2026-06-17 18:38:15', '::1'),
(46, 4, 'Logout dari sistem', '2026-06-17 18:41:56', '::1'),
(47, 1, 'Login berhasil sebagai Admin HR', '2026-06-17 18:41:58', '::1'),
(48, 1, 'Logout dari sistem', '2026-06-17 18:43:12', '::1'),
(49, 3, 'Login berhasil sebagai Atasan', '2026-06-17 18:43:17', '::1'),
(50, 3, 'Logout dari sistem', '2026-06-17 18:45:52', '::1'),
(51, 4, 'Login berhasil sebagai Karyawan', '2026-06-17 18:45:57', '::1'),
(52, 4, 'Logout dari sistem', '2026-06-17 20:06:46', '::1'),
(53, 1, 'Login berhasil sebagai Admin HR', '2026-06-17 20:06:49', '::1'),
(54, 1, 'Logout dari sistem', '2026-06-17 20:36:55', '::1'),
(55, 8, 'Login berhasil sebagai Karyawan', '2026-06-17 20:37:11', '::1'),
(56, 8, 'Logout dari sistem', '2026-06-17 20:40:13', '::1'),
(57, 7, 'Login berhasil sebagai Manajemen', '2026-06-17 20:40:21', '::1'),
(58, 7, 'Logout dari sistem', '2026-06-17 21:12:57', '::1'),
(59, 3, 'Login berhasil sebagai Atasan', '2026-06-17 21:13:50', '::1'),
(60, 3, 'Logout dari sistem', '2026-06-17 21:30:42', '::1'),
(61, 7, 'Login berhasil sebagai Manajemen', '2026-06-17 21:31:26', '::1'),
(62, 7, 'Logout dari sistem', '2026-06-17 21:32:49', '::1'),
(63, 3, 'Login berhasil sebagai Atasan', '2026-06-17 21:33:07', '::1'),
(64, 3, 'Logout dari sistem', '2026-06-17 21:34:12', '::1'),
(65, 8, 'Login berhasil sebagai Karyawan', '2026-06-17 21:34:34', '::1'),
(66, 8, 'Logout dari sistem', '2026-06-18 11:56:40', '::1'),
(67, 2, 'Login berhasil sebagai Admin HR', '2026-06-18 12:26:23', '::1'),
(68, 2, 'Submit assessment Self Assessment', '2026-06-18 12:28:58', '::1'),
(69, 2, 'Submit assessment Penilaian Bawahan', '2026-06-18 12:29:25', '::1'),
(70, 2, 'Submit assessment Self Assessment', '2026-06-18 12:29:50', '::1'),
(71, 2, 'Logout dari sistem', '2026-06-18 13:35:43', '::1'),
(72, 1, 'Login berhasil sebagai Admin HR', '2026-06-18 13:37:21', '::1'),
(73, 1, 'Update karyawan Muhammad Gifary', '2026-06-18 13:37:50', '::1'),
(74, 1, 'Update karyawan Rama Pratama', '2026-06-18 13:39:47', '::1'),
(75, 1, 'Update karyawan Dimas Nugraha', '2026-06-18 13:40:00', '::1'),
(76, 1, 'Update karyawan Nadia Maharani', '2026-06-18 13:40:14', '::1'),
(77, 1, 'Update karyawan Asep Dendeng', '2026-06-18 13:41:01', '::1'),
(78, 1, 'Update karyawan Rama Pratama', '2026-06-18 13:41:22', '::1'),
(79, 1, 'Update karyawan Anggit', '2026-06-18 13:41:33', '::1'),
(80, 1, 'Update karyawan Joko Knalpot', '2026-06-18 13:41:55', '::1'),
(81, 1, 'Update karyawan Rama Pratama', '2026-06-18 13:43:34', '::1'),
(82, 1, 'Update karyawan Dimas Nugraha', '2026-06-18 13:43:57', '::1'),
(83, 1, 'Update karyawan Asep Dendeng', '2026-06-18 13:44:19', '::1'),
(84, 1, 'Update karyawan Asep Dendeng', '2026-06-18 13:44:30', '::1'),
(85, 1, 'Update karyawan Joko Knalpot', '2026-06-18 13:45:08', '::1'),
(86, 1, 'Update karyawan Bima Arya', '2026-06-18 13:45:42', '::1'),
(87, 1, 'Update karyawan Muhammad Gifary', '2026-06-18 13:46:33', '::1'),
(88, 1, 'Update karyawan Rama Pratama', '2026-06-18 13:46:39', '::1'),
(89, 1, 'Update karyawan Dimas Nugraha', '2026-06-18 13:46:46', '::1'),
(90, 1, 'Update karyawan Nadia Maharani', '2026-06-18 13:46:53', '::1'),
(91, 1, 'Logout dari sistem', '2026-06-18 13:47:58', '::1'),
(92, 1, 'Login berhasil sebagai Admin HR', '2026-06-18 13:57:10', '::1'),
(93, 1, 'Submit assessment Self Assessment', '2026-06-18 14:08:42', '::1'),
(94, 1, 'Submit assessment Self Assessment', '2026-06-18 14:09:05', '::1'),
(95, 1, 'Submit assessment Self Assessment', '2026-06-18 14:09:10', '::1'),
(96, 1, 'Update periode evaluasi Evaluasi AKHLAK Semester 1 2026', '2026-06-18 14:16:50', '::1'),
(97, 1, 'Update periode evaluasi Evaluasi AKHLAK Semester 2 2026', '2026-06-18 14:17:12', '::1'),
(98, 1, 'Tambah peer assignment', '2026-06-18 14:18:10', '::1'),
(99, 1, 'Update peer assignment', '2026-06-18 14:18:17', '::1'),
(100, 1, 'Logout dari sistem', '2026-06-18 14:18:34', '::1'),
(101, 8, 'Login berhasil sebagai Karyawan', '2026-06-18 14:18:39', '::1'),
(102, 8, 'Logout dari sistem', '2026-06-18 14:19:22', '::1'),
(103, 1, 'Login berhasil sebagai Admin HR', '2026-06-18 14:19:27', '::1'),
(104, 1, 'Hapus/batalkan peer assignment', '2026-06-18 14:21:34', '::1'),
(105, 1, 'Hapus/batalkan peer assignment', '2026-06-18 14:21:35', '::1'),
(106, 1, 'Hapus/batalkan peer assignment', '2026-06-18 14:21:37', '::1'),
(107, 1, 'Hapus/batalkan peer assignment', '2026-06-18 14:21:38', '::1'),
(108, 1, 'Hapus/batalkan peer assignment', '2026-06-18 14:21:39', '::1'),
(109, 1, 'Hapus/batalkan peer assignment', '2026-06-18 14:21:40', '::1'),
(110, 1, 'Hapus/batalkan peer assignment', '2026-06-18 14:21:40', '::1'),
(111, 1, 'Hapus/batalkan peer assignment', '2026-06-18 14:21:41', '::1'),
(112, 1, 'Hapus/batalkan peer assignment', '2026-06-18 14:21:42', '::1'),
(113, 1, 'Hapus/batalkan peer assignment', '2026-06-18 14:21:42', '::1'),
(114, 1, 'Hapus/batalkan peer assignment', '2026-06-18 14:21:44', '::1'),
(115, 1, 'Hapus/batalkan peer assignment', '2026-06-18 14:21:45', '::1'),
(116, 1, 'Hapus/batalkan peer assignment', '2026-06-18 14:21:55', '::1'),
(117, 1, 'Hapus/batalkan peer assignment', '2026-06-18 14:21:57', '::1'),
(118, 1, 'Tambah peer assignment', '2026-06-18 14:22:18', '::1'),
(119, 1, 'Logout dari sistem', '2026-06-18 14:22:31', '::1'),
(120, 8, 'Login berhasil sebagai Karyawan', '2026-06-18 14:22:44', '::1'),
(121, 8, 'Logout dari sistem', '2026-06-18 14:22:54', '::1'),
(122, 1, 'Login berhasil sebagai Admin HR', '2026-06-18 14:22:55', '::1'),
(123, 1, 'Hapus/batalkan peer assignment', '2026-06-18 14:23:04', '::1'),
(124, 1, 'Tambah peer assignment', '2026-06-18 14:23:12', '::1'),
(125, 1, 'Logout dari sistem', '2026-06-18 14:23:37', '::1'),
(126, 8, 'Login berhasil sebagai Karyawan', '2026-06-18 14:23:41', '::1'),
(127, 8, 'Logout dari sistem', '2026-06-18 14:25:13', '::1'),
(128, 1, 'Login berhasil sebagai Admin HR', '2026-06-18 14:25:14', '::1'),
(129, 1, 'Update periode evaluasi Evaluasi AKHLAK Semester 2 2026', '2026-06-18 14:27:41', '::1'),
(130, 1, 'Update periode evaluasi Evaluasi AKHLAK Semester 3 2026', '2026-06-18 14:27:44', '::1'),
(131, 1, 'Logout dari sistem', '2026-06-18 14:27:45', '::1'),
(132, 8, 'Login berhasil sebagai Karyawan', '2026-06-18 14:27:49', '::1'),
(133, 8, 'Logout dari sistem', '2026-06-18 14:27:53', '::1'),
(134, 9, 'Login berhasil sebagai Manajemen', '2026-06-18 14:27:57', '::1'),
(135, 9, 'Logout dari sistem', '2026-06-18 14:28:06', '::1'),
(136, 1, 'Login berhasil sebagai Admin HR', '2026-06-18 14:28:07', '::1'),
(137, 1, 'Tambah peer assignment', '2026-06-18 14:28:36', '::1'),
(138, 1, 'Logout dari sistem', '2026-06-18 14:28:39', '::1'),
(139, 8, 'Login berhasil sebagai Karyawan', '2026-06-18 14:28:43', '::1'),
(140, 8, 'Logout dari sistem', '2026-06-18 14:29:57', '::1'),
(141, 1, 'Login berhasil sebagai Admin HR', '2026-06-18 14:29:59', '::1'),
(142, 1, 'Logout dari sistem', '2026-06-18 14:39:36', '::1'),
(143, 8, 'Login berhasil sebagai Karyawan', '2026-06-18 14:39:40', '::1'),
(144, 8, 'Logout dari sistem', '2026-06-18 14:40:29', '::1'),
(145, 1, 'Login berhasil sebagai Admin HR', '2026-06-18 14:40:31', '::1'),
(146, 1, 'Tambah peer assignment', '2026-06-18 14:46:14', '::1'),
(147, 1, 'Hapus/batalkan peer assignment', '2026-06-18 14:46:19', '::1'),
(148, 1, 'Tambah peer assignment', '2026-06-18 14:46:54', '::1'),
(149, 1, 'Tambah peer assignment', '2026-06-18 14:51:01', '::1'),
(150, 1, 'Update pertanyaan AKHLAK', '2026-06-18 14:51:32', '::1'),
(151, 1, 'Update periode evaluasi Evaluasi AKHLAK Semester 3 2026', '2026-06-18 14:52:30', '::1'),
(152, 1, 'Update periode evaluasi Evaluasi AKHLAK Semester 1 2026', '2026-06-18 14:52:35', '::1'),
(153, 1, 'Sinkronisasi Data HRIS dummy berhasil', '2026-06-20 08:30:00', '127.0.0.1'),
(154, 1, 'Import dummy data periode 1-4', '2026-06-20 08:35:00', '127.0.0.1'),
(155, 2, 'Validasi peer assignment Human Capital', '2026-06-20 09:10:00', '127.0.0.1'),
(156, 3, 'Validasi peer assignment Operations', '2026-06-20 09:11:00', '127.0.0.1'),
(157, 16, 'Validasi peer assignment Supply Chain', '2026-06-20 09:12:00', '127.0.0.1'),
(158, 8, 'Submit assessment Peer Assessment', '2026-06-20 09:30:00', '127.0.0.1'),
(159, 14, 'Submit assessment Self Assessment', '2026-06-20 09:32:00', '127.0.0.1'),
(160, 2, 'Isi/Edit IDP bawahan Rama Pratama', '2026-06-20 10:00:00', '127.0.0.1'),
(161, 3, 'Isi/Edit IDP bawahan Dimas Nugraha', '2026-06-20 10:05:00', '127.0.0.1'),
(162, 7, 'Akses Talent Mapping Manajemen', '2026-06-20 10:30:00', '127.0.0.1'),
(163, 9, 'Akses Report & IDP Organisasi', '2026-06-20 10:35:00', '127.0.0.1'),
(164, 1, 'Login berhasil sebagai Admin HR', '2026-06-25 22:43:48', '::1'),
(165, 1, 'Logout dari sistem', '2026-06-25 22:44:21', '::1'),
(166, 8, 'Login berhasil sebagai Karyawan', '2026-06-25 22:44:32', '::1'),
(167, 8, 'Logout dari sistem', '2026-06-25 22:45:01', '::1'),
(168, 1, 'Login berhasil sebagai Admin HR', '2026-06-25 22:45:04', '::1'),
(169, 1, 'Update periode evaluasi Evaluasi AKHLAK Semester 1 2026', '2026-06-25 22:45:11', '::1'),
(170, 1, 'Update periode evaluasi Evaluasi AKHLAK Semester 4 2027', '2026-06-25 22:45:17', '::1'),
(171, 1, 'Logout dari sistem', '2026-06-25 22:45:30', '::1'),
(172, 8, 'Login berhasil sebagai Karyawan', '2026-06-25 22:45:34', '::1'),
(173, 8, 'Logout dari sistem', '2026-06-25 22:47:07', '::1'),
(174, 1, 'Login berhasil sebagai Admin HR', '2026-06-25 22:47:11', '::1'),
(175, 1, 'Logout dari sistem', '2026-06-26 00:48:47', '::1'),
(176, 2, 'Login berhasil sebagai Atasan', '2026-06-26 00:48:50', '::1'),
(177, 2, 'Logout dari sistem', '2026-06-26 00:49:18', '::1'),
(178, 1, 'Login berhasil sebagai Admin HR', '2026-06-26 00:49:20', '::1'),
(179, 1, 'Logout dari sistem', '2026-06-26 00:49:40', '::1'),
(180, 3, 'Login berhasil sebagai Atasan', '2026-06-26 00:49:42', '::1'),
(181, 3, 'Logout dari sistem', '2026-06-26 00:50:58', '::1'),
(182, 1, 'Login berhasil sebagai Admin HR', '2026-06-26 00:51:00', '::1'),
(183, 1, 'Logout dari sistem', '2026-06-26 00:52:18', '::1'),
(184, 16, 'Login berhasil sebagai Atasan', '2026-06-26 00:52:22', '::1'),
(185, 16, 'Logout dari sistem', '2026-06-26 00:53:23', '::1'),
(186, 1, 'Login berhasil sebagai Admin HR', '2026-06-26 00:53:25', '::1'),
(187, 1, 'Update karyawan Dadang Kendil', '2026-06-26 00:58:53', '::1'),
(188, 1, 'Update karyawan Bambang Knalpot Bocor', '2026-06-26 01:01:18', '::1'),
(189, 1, 'Update karyawan badrun Tukang Ojek', '2026-06-26 01:04:31', '::1'),
(190, 1, 'Update karyawan Tono Tabung Gas', '2026-06-26 01:05:02', '::1'),
(191, 1, 'Update karyawan Agus Magic Com', '2026-06-26 01:05:29', '::1'),
(192, 1, 'Update karyawan yudi Kuah Soto', '2026-06-26 01:06:03', '::1'),
(193, 1, 'Update karyawan yudi Kuah Soto', '2026-06-26 01:07:28', '::1'),
(194, 1, 'Update karyawan jaya Gang Buntu', '2026-06-26 01:08:18', '::1'),
(195, 1, 'Update karyawan tatang Antapani', '2026-06-26 01:08:49', '::1'),
(196, 1, 'Update karyawan slamet Anti Polisi', '2026-06-26 01:09:15', '::1'),
(197, 1, 'Sinkronisasi Data HRIS', '2026-06-26 01:11:07', '::1');

-- --------------------------------------------------------

--
-- Table structure for table `departments`
--

CREATE TABLE `departments` (
  `department_id` int(11) NOT NULL,
  `department_name` varchar(100) NOT NULL,
  `department_desc` varchar(255) DEFAULT NULL
) ENGINE=InnoDB DEFAULT CHARSET=utf8mb4 COLLATE=utf8mb4_general_ci;

--
-- Dumping data for table `departments`
--

INSERT INTO `departments` (`department_id`, `department_name`, `department_desc`) VALUES
(1, 'Human Capital', 'Mengelola administrasi SDM, periode evaluasi, dan pengembangan karyawan'),
(2, 'Operations', 'Mengelola proses operasional dan performansi lapangan'),
(3, 'Finance', 'Mengelola keuangan dan kontrol biaya'),
(4, 'Supply Chain', 'Mengelola pengadaan dan rantai pasok'),
(5, 'Management', 'Manajemen strategis perusahaan');

-- --------------------------------------------------------

--
-- Table structure for table `employees`
--

CREATE TABLE `employees` (
  `employee_id` int(11) NOT NULL,
  `department_id` int(11) NOT NULL,
  `position_id` int(11) NOT NULL,
  `supervisor_id` int(11) DEFAULT NULL,
  `employee_nik` varchar(30) NOT NULL,
  `employee_name` varchar(120) NOT NULL,
  `employee_email` varchar(120) NOT NULL,
  `employee_phone` varchar(30) DEFAULT NULL,
  `hire_date` date DEFAULT NULL,
  `employee_status` varchar(30) DEFAULT 'active'
) ENGINE=InnoDB DEFAULT CHARSET=utf8mb4 COLLATE=utf8mb4_general_ci;

--
-- Dumping data for table `employees`
--

INSERT INTO `employees` (`employee_id`, `department_id`, `position_id`, `supervisor_id`, `employee_nik`, `employee_name`, `employee_email`, `employee_phone`, `hire_date`, `employee_status`) VALUES
(1, 1, 1, NULL, 'PEN-0001', 'Muhammad Gifary', 'gifary@sipakar.test', '081200000001', '2023-01-10', 'active'),
(2, 1, 8, 7, 'PEN-0002', 'Rama Pratama', 'rama@sipakar.test', '081200000002', '2023-02-12', 'active'),
(3, 2, 3, 10, 'PEN-0003', 'Dadang Kendil', 'dadang@sipakar.test', '081200000003', '2022-08-01', 'active'),
(4, 2, 9, 3, 'PEN-0004', 'Nadia Maharani', 'nadia@sipakar.test', '081200000004', '2024-03-15', 'active'),
(5, 4, 6, 2, 'PEN-0005', 'Bima Arya', 'bima@sipakar.test', '081200000005', '2024-05-20', 'active'),
(6, 3, 7, 3, 'PEN-0006', 'Intan Wulandari', 'intan@sipakar.test', '081200000006', '2023-11-04', 'active'),
(7, 5, 4, 1, 'PEN-0007', 'Asep Dendeng', 'asep@sipakar.test', '081200000007', '2021-07-01', 'active'),
(8, 2, 2, 3, 'PEN-0008', 'Daffa Sayyid Zahran', 'daffa@sipakar.test', '081200000008', '2024-07-10', 'active'),
(9, 3, 5, 1, 'PEN-0009', 'Anggit', 'anggit@sipakar.test', '09090909090', '2026-06-17', 'active'),
(10, 3, 7, 3, 'PEN-0010', 'Joko Knalpot', 'joko@sipakar.test', '09090909090', '2026-06-17', 'active'),
(11, 1, 2, 2, 'PEN-0011', 'slamet Anti Polisi', 'slamet@sipakar.test', '081200000011', '2025-01-10', 'active'),
(12, 2, 9, 3, 'PEN-0012', 'tatang Antapani', 'tatang@sipakar.test', '081200000012', '2025-01-10', 'active'),
(13, 3, 7, 3, 'PEN-0013', 'jaya Gang Buntu', 'jaya@sipakar.test', '081200000013', '2025-01-10', 'active'),
(14, 4, 3, 7, 'PEN-0014', 'yudi Kuah Soto', 'yudi@sipakar.test', '081200000014', '2025-01-10', 'active'),
(15, 4, 6, 14, 'PEN-0015', 'Agus Magic Com', 'Agus@sipakar.test', '081200000015', '2025-01-10', 'active'),
(16, 2, 9, 3, 'PEN-0016', 'Tono Tabung Gas', 'Tono@sipakar.test', '081200000016', '2025-01-10', 'active'),
(17, 1, 2, 2, 'PEN-0017', 'badrun Tukang Ojek', 'badrun@sipakar.test', '081200000017', '2025-01-10', 'active'),
(18, 3, 7, 3, 'PEN-0018', 'Bambang Knalpot Bocor', 'bambang@sipakar.test', '081200000018', '2025-01-10', 'active');

-- --------------------------------------------------------

--
-- Table structure for table `evaluation_periods`
--

CREATE TABLE `evaluation_periods` (
  `period_id` int(11) NOT NULL,
  `period_name` varchar(120) NOT NULL,
  `start_date` date NOT NULL,
  `end_date` date NOT NULL,
  `period_status` varchar(30) DEFAULT 'draft'
) ENGINE=InnoDB DEFAULT CHARSET=utf8mb4 COLLATE=utf8mb4_general_ci;

--
-- Dumping data for table `evaluation_periods`
--

INSERT INTO `evaluation_periods` (`period_id`, `period_name`, `start_date`, `end_date`, `period_status`) VALUES
(1, 'Evaluasi AKHLAK Semester 1 2026', '2026-01-01', '2026-06-30', 'closed'),
(2, 'Evaluasi AKHLAK Semester 2 2026', '2026-07-01', '2026-12-31', 'closed'),
(3, 'Evaluasi AKHLAK Semester 3 2026', '2026-06-17', '2026-09-17', 'closed'),
(4, 'Evaluasi AKHLAK Semester 4 2027', '2027-01-01', '2027-06-30', 'active');

-- --------------------------------------------------------

--
-- Table structure for table `final_results`
--

CREATE TABLE `final_results` (
  `result_id` int(11) NOT NULL,
  `employee_id` int(11) NOT NULL,
  `period_id` int(11) NOT NULL,
  `self_score` decimal(5,2) DEFAULT 0.00,
  `peer_score` decimal(5,2) DEFAULT 0.00,
  `subordinate_score` decimal(5,2) DEFAULT 0.00,
  `supervisor_score` decimal(5,2) DEFAULT 0.00,
  `final_score` decimal(5,2) DEFAULT 0.00,
  `gap_analysis` varchar(500) DEFAULT NULL,
  `idp_area` varchar(120) DEFAULT NULL,
  `idp_plan` varchar(500) DEFAULT NULL,
  `idp_target` varchar(255) DEFAULT NULL,
  `idp_status` varchar(30) DEFAULT 'belum_dibuat',
  `idp_updated_by` int(11) DEFAULT NULL,
  `idp_updated_at` datetime DEFAULT NULL
) ENGINE=InnoDB DEFAULT CHARSET=utf8mb4 COLLATE=utf8mb4_general_ci;

--
-- Dumping data for table `final_results`
--

INSERT INTO `final_results` (`result_id`, `employee_id`, `period_id`, `self_score`, `peer_score`, `subordinate_score`, `supervisor_score`, `final_score`, `gap_analysis`, `idp_area`, `idp_plan`, `idp_target`, `idp_status`, `idp_updated_by`, `idp_updated_at`) VALUES
(1, 3, 1, '4.17', '0.00', '4.33', '0.00', '4.28', 'Area pengembangan utama: Kompeten. Rekomendasi IDP: penguatan coaching, feedback rutin, dan delegasi berbasis kompetensi.', 'Kompeten', 'Mengikuti pelatihan kompetensi teknis dan mentoring dengan atasan langsung.', 'Meningkatkan skor Kompeten dan konsistensi performa kerja.', 'final', 10, '2026-06-20 09:30:00'),
(2, 4, 1, '4.42', '4.50', '0.00', '4.83', '4.70', 'Kinerja sangat baik. Fokus pengembangan: konsistensi inovasi dan dokumentasi kolaborasi.', 'Adaptif', 'Talent pool: penguatan Adaptif, mentoring lintas unit, dan penugasan project strategis.', 'Menjaga skor Adaptif minimal 4.50 dan siap menjadi role model budaya AKHLAK.', 'final', 3, '2026-06-20 09:30:00'),
(3, 5, 1, '4.25', '4.08', '0.00', '4.25', '4.20', 'Kinerja baik. Fokus pengembangan: peningkatan inisiatif adaptif dan kompetensi teknis.', 'Kolaboratif', 'Coaching dan evaluasi bulanan untuk meningkatkan konsistensi nilai Kolaboratif.', 'Meningkatkan skor Kolaboratif minimal 0.20 pada periode berikutnya.', 'final', 2, '2026-06-20 09:30:00'),
(4, 6, 1, '4.00', '0.00', '0.00', '3.92', '3.96', 'Kinerja baik. Fokus pengembangan: kecepatan adaptasi dan kolaborasi lintas fungsi.', 'Adaptif', 'Coaching dan evaluasi bulanan untuk meningkatkan konsistensi nilai Adaptif.', 'Meningkatkan skor Adaptif minimal 0.20 pada periode berikutnya.', 'draft', 3, '2026-06-20 09:30:00'),
(5, 8, 1, '4.42', '4.33', '0.00', '4.83', '4.66', 'Kinerja sangat baik. Fokus pengembangan: persiapan peran talent pool dan penguatan leadership.', 'Loyal', 'Talent pool: penguatan Loyal, mentoring lintas unit, dan penugasan project strategis.', 'Menjaga skor Loyal minimal 4.50 dan siap menjadi role model budaya AKHLAK.', 'final', 3, '2026-06-20 09:30:00'),
(6, 1, 1, '4.00', '0.00', '3.46', '0.00', '3.60', 'Area pengembangan utama: Harmonis dengan skor rata-rata 3.25. Perlu IDP terarah: pelatihan perilaku AKHLAK, evaluasi bulanan, dan pendampingan atasan.', 'Harmonis', 'Coaching dan evaluasi bulanan untuk meningkatkan konsistensi nilai Harmonis.', 'Meningkatkan skor Harmonis minimal 0.20 pada periode berikutnya.', 'final', 2, '2026-06-20 09:30:00'),
(7, 2, 1, '3.00', '0.00', '0.00', '0.00', '3.00', 'Area pengembangan utama: Amanah dengan skor rata-rata 1.5. Prioritas pengembangan: coaching intensif, rencana perbaikan perilaku, dan monitoring HR.', 'Adaptif', 'Mengikuti coaching adaptasi teknologi dan evaluasi progres bulanan.', 'Meningkatkan skor Adaptif minimal ke 3.50 pada periode berikutnya.', 'draft', 7, '2026-06-20 09:30:00'),
(8, 7, 1, '4.51', '4.54', '4.53', '4.64', '4.56', 'Kinerja sangat baik. Area yang tetap perlu dijaga: Kolaboratif. Rekomendasi: talent pool, mentoring, dan project leadership.', 'Kolaboratif', 'Talent pool: penguatan Kolaboratif, mentoring lintas unit, dan penugasan project strategis.', 'Menjaga skor Kolaboratif minimal 4.50 dan siap menjadi role model budaya AKHLAK.', 'final', 1, '2026-06-20 09:30:00'),
(9, 9, 1, '4.53', '4.62', '0.00', '4.66', '4.58', 'Kinerja sangat baik. Area yang tetap perlu dijaga: Kompeten. Rekomendasi: talent pool, mentoring, dan project leadership.', 'Kompeten', 'Talent pool: penguatan Kompeten, mentoring lintas unit, dan penugasan project strategis.', 'Menjaga skor Kompeten minimal 4.50 dan siap menjadi role model budaya AKHLAK.', 'final', 1, '2026-06-20 09:30:00'),
(10, 10, 1, '3.28', '3.16', '3.15', '3.12', '3.18', 'Skor berada di bawah threshold. Gap utama pada nilai Adaptif. Prioritas IDP: coaching intensif, pelatihan perilaku AKHLAK, dan monitoring atasan.', 'Adaptif', 'Program perbaikan prioritas pada nilai Adaptif: coaching intensif, pelatihan, dan monitoring dua mingguan.', 'Meningkatkan skor Adaptif hingga minimal 3.50 pada periode berikutnya.', 'draft', 3, '2026-06-20 09:30:00'),
(11, 11, 1, '3.83', '3.86', '0.00', '3.96', '3.88', 'Kinerja baik. Gap utama pada nilai Amanah. Rekomendasi IDP: coaching rutin, target peningkatan perilaku, dan evaluasi berkala.', 'Amanah', 'Coaching dan evaluasi bulanan untuk meningkatkan konsistensi nilai Amanah.', 'Meningkatkan skor Amanah minimal 0.20 pada periode berikutnya.', 'final', 2, '2026-06-20 09:30:00'),
(12, 12, 1, '4.28', '4.22', '0.00', '4.12', '4.18', 'Kinerja baik. Gap utama pada nilai Kolaboratif. Rekomendasi IDP: coaching rutin, target peningkatan perilaku, dan evaluasi berkala.', 'Kolaboratif', 'Coaching dan evaluasi bulanan untuk meningkatkan konsistensi nilai Kolaboratif.', 'Meningkatkan skor Kolaboratif minimal 0.20 pada periode berikutnya.', 'draft', 3, '2026-06-20 09:30:00'),
(13, 13, 1, '3.27', '3.30', '0.00', '3.40', '3.32', 'Skor berada di bawah threshold. Gap utama pada nilai Kompeten. Prioritas IDP: coaching intensif, pelatihan perilaku AKHLAK, dan monitoring atasan.', 'Kompeten', 'Program perbaikan prioritas pada nilai Kompeten: coaching intensif, pelatihan, dan monitoring dua mingguan.', 'Meningkatkan skor Kompeten hingga minimal 3.50 pada periode berikutnya.', 'draft', 3, '2026-06-20 09:30:00'),
(14, 14, 1, '4.15', '4.03', '4.02', '3.99', '4.05', 'Kinerja baik. Gap utama pada nilai Loyal. Rekomendasi IDP: coaching rutin, target peningkatan perilaku, dan evaluasi berkala.', 'Loyal', 'Coaching dan evaluasi bulanan untuk meningkatkan konsistensi nilai Loyal.', 'Meningkatkan skor Loyal minimal 0.20 pada periode berikutnya.', 'draft', 7, '2026-06-20 09:30:00'),
(15, 15, 1, '3.17', '3.26', '0.00', '3.30', '3.22', 'Skor berada di bawah threshold. Gap utama pada nilai Adaptif. Prioritas IDP: coaching intensif, pelatihan perilaku AKHLAK, dan monitoring atasan.', 'Adaptif', 'Program perbaikan prioritas pada nilai Adaptif: coaching intensif, pelatihan, dan monitoring dua mingguan.', 'Meningkatkan skor Adaptif hingga minimal 3.50 pada periode berikutnya.', 'draft', 14, '2026-06-20 09:30:00'),
(16, 16, 1, '3.86', '3.74', '0.00', '3.70', '3.76', 'Kinerja baik. Gap utama pada nilai Harmonis. Rekomendasi IDP: coaching rutin, target peningkatan perilaku, dan evaluasi berkala.', 'Harmonis', 'Coaching dan evaluasi bulanan untuk meningkatkan konsistensi nilai Harmonis.', 'Meningkatkan skor Harmonis minimal 0.20 pada periode berikutnya.', 'draft', 3, '2026-06-20 09:30:00'),
(17, 17, 1, '4.19', '4.22', '0.00', '4.32', '4.24', 'Kinerja baik. Gap utama pada nilai Amanah. Rekomendasi IDP: coaching rutin, target peningkatan perilaku, dan evaluasi berkala.', 'Amanah', 'Coaching dan evaluasi bulanan untuk meningkatkan konsistensi nilai Amanah.', 'Meningkatkan skor Amanah minimal 0.20 pada periode berikutnya.', 'final', 2, '2026-06-20 09:30:00'),
(18, 18, 1, '3.52', '3.46', '0.00', '3.36', '3.42', 'Skor berada di bawah threshold. Gap utama pada nilai Kolaboratif. Prioritas IDP: coaching intensif, pelatihan perilaku AKHLAK, dan monitoring atasan.', 'Kolaboratif', 'Program perbaikan prioritas pada nilai Kolaboratif: coaching intensif, pelatihan, dan monitoring dua mingguan.', 'Meningkatkan skor Kolaboratif hingga minimal 3.50 pada periode berikutnya.', 'draft', 3, '2026-06-20 09:30:00'),
(19, 1, 2, '3.63', '3.66', '3.65', '0.00', '3.68', 'Kinerja baik. Gap utama pada nilai Harmonis. Rekomendasi IDP: coaching rutin, target peningkatan perilaku, dan evaluasi berkala.', 'Harmonis', 'Coaching dan evaluasi bulanan untuk meningkatkan konsistensi nilai Harmonis.', 'Meningkatkan skor Harmonis minimal 0.20 pada periode berikutnya.', 'final', 2, '2026-06-20 09:30:00'),
(20, 2, 2, '3.32', '3.20', '3.19', '3.16', '3.22', 'Skor berada di bawah threshold. Gap utama pada nilai Amanah. Prioritas IDP: coaching intensif, pelatihan perilaku AKHLAK, dan monitoring atasan.', 'Amanah', 'Program perbaikan prioritas pada nilai Amanah: coaching intensif, pelatihan, dan monitoring dua mingguan.', 'Meningkatkan skor Amanah hingga minimal 3.50 pada periode berikutnya.', 'draft', 7, '2026-06-20 09:30:00'),
(21, 3, 2, '4.31', '4.40', '4.33', '4.44', '4.36', 'Kinerja baik. Gap utama pada nilai Kompeten. Rekomendasi IDP: coaching rutin, target peningkatan perilaku, dan evaluasi berkala.', 'Kompeten', 'Coaching dan evaluasi bulanan untuk meningkatkan konsistensi nilai Kompeten.', 'Meningkatkan skor Kompeten minimal 0.20 pada periode berikutnya.', 'final', 10, '2026-06-20 09:30:00'),
(22, 4, 2, '4.72', '4.60', '0.00', '4.56', '4.62', 'Kinerja sangat baik. Area yang tetap perlu dijaga: Adaptif. Rekomendasi: talent pool, mentoring, dan project leadership.', 'Adaptif', 'Talent pool: penguatan Adaptif, mentoring lintas unit, dan penugasan project strategis.', 'Menjaga skor Adaptif minimal 4.50 dan siap menjadi role model budaya AKHLAK.', 'final', 3, '2026-06-20 09:30:00'),
(23, 5, 2, '4.23', '4.26', '0.00', '4.36', '4.28', 'Kinerja baik. Gap utama pada nilai Kolaboratif. Rekomendasi IDP: coaching rutin, target peningkatan perilaku, dan evaluasi berkala.', 'Kolaboratif', 'Coaching dan evaluasi bulanan untuk meningkatkan konsistensi nilai Kolaboratif.', 'Meningkatkan skor Kolaboratif minimal 0.20 pada periode berikutnya.', 'final', 2, '2026-06-20 09:30:00'),
(24, 6, 2, '4.14', '4.08', '0.00', '3.98', '4.04', 'Kinerja baik. Gap utama pada nilai Adaptif. Rekomendasi IDP: coaching rutin, target peningkatan perilaku, dan evaluasi berkala.', 'Adaptif', 'Coaching dan evaluasi bulanan untuk meningkatkan konsistensi nilai Adaptif.', 'Meningkatkan skor Adaptif minimal 0.20 pada periode berikutnya.', 'draft', 3, '2026-06-20 09:30:00'),
(25, 7, 2, '4.53', '4.56', '4.55', '4.66', '4.58', 'Kinerja sangat baik. Area yang tetap perlu dijaga: Kolaboratif. Rekomendasi: talent pool, mentoring, dan project leadership.', 'Kolaboratif', 'Talent pool: penguatan Kolaboratif, mentoring lintas unit, dan penugasan project strategis.', 'Menjaga skor Kolaboratif minimal 4.50 dan siap menjadi role model budaya AKHLAK.', 'final', 1, '2026-06-20 09:30:00'),
(26, 8, 2, '4.71', '4.59', '0.00', '4.55', '4.61', 'Kinerja sangat baik. Area yang tetap perlu dijaga: Loyal. Rekomendasi: talent pool, mentoring, dan project leadership.', 'Loyal', 'Talent pool: penguatan Loyal, mentoring lintas unit, dan penugasan project strategis.', 'Menjaga skor Loyal minimal 4.50 dan siap menjadi role model budaya AKHLAK.', 'final', 3, '2026-06-20 09:30:00'),
(27, 9, 2, '4.60', '4.69', '0.00', '4.73', '4.65', 'Kinerja sangat baik. Area yang tetap perlu dijaga: Kompeten. Rekomendasi: talent pool, mentoring, dan project leadership.', 'Kompeten', 'Talent pool: penguatan Kompeten, mentoring lintas unit, dan penugasan project strategis.', 'Menjaga skor Kompeten minimal 4.50 dan siap menjadi role model budaya AKHLAK.', 'final', 1, '2026-06-20 09:30:00'),
(28, 10, 2, '3.35', '3.23', '3.22', '3.19', '3.25', 'Skor berada di bawah threshold. Gap utama pada nilai Adaptif. Prioritas IDP: coaching intensif, pelatihan perilaku AKHLAK, dan monitoring atasan.', 'Adaptif', 'Program perbaikan prioritas pada nilai Adaptif: coaching intensif, pelatihan, dan monitoring dua mingguan.', 'Meningkatkan skor Adaptif hingga minimal 3.50 pada periode berikutnya.', 'draft', 3, '2026-06-20 09:30:00'),
(29, 11, 2, '3.91', '3.94', '0.00', '4.04', '3.96', 'Kinerja baik. Gap utama pada nilai Amanah. Rekomendasi IDP: coaching rutin, target peningkatan perilaku, dan evaluasi berkala.', 'Amanah', 'Coaching dan evaluasi bulanan untuk meningkatkan konsistensi nilai Amanah.', 'Meningkatkan skor Amanah minimal 0.20 pada periode berikutnya.', 'final', 2, '2026-06-20 09:30:00'),
(30, 12, 2, '4.36', '4.30', '0.00', '4.20', '4.26', 'Kinerja baik. Gap utama pada nilai Kolaboratif. Rekomendasi IDP: coaching rutin, target peningkatan perilaku, dan evaluasi berkala.', 'Kolaboratif', 'Coaching dan evaluasi bulanan untuk meningkatkan konsistensi nilai Kolaboratif.', 'Meningkatkan skor Kolaboratif minimal 0.20 pada periode berikutnya.', 'draft', 3, '2026-06-20 09:30:00'),
(31, 13, 2, '3.23', '3.26', '0.00', '3.36', '3.28', 'Skor berada di bawah threshold. Gap utama pada nilai Kompeten. Prioritas IDP: coaching intensif, pelatihan perilaku AKHLAK, dan monitoring atasan.', 'Kompeten', 'Program perbaikan prioritas pada nilai Kompeten: coaching intensif, pelatihan, dan monitoring dua mingguan.', 'Meningkatkan skor Kompeten hingga minimal 3.50 pada periode berikutnya.', 'draft', 3, '2026-06-20 09:30:00'),
(32, 14, 2, '4.23', '4.11', '4.10', '4.07', '4.13', 'Kinerja baik. Gap utama pada nilai Loyal. Rekomendasi IDP: coaching rutin, target peningkatan perilaku, dan evaluasi berkala.', 'Loyal', 'Coaching dan evaluasi bulanan untuk meningkatkan konsistensi nilai Loyal.', 'Meningkatkan skor Loyal minimal 0.20 pada periode berikutnya.', 'draft', 7, '2026-06-20 09:30:00'),
(33, 15, 2, '3.29', '3.38', '0.00', '3.42', '3.34', 'Skor berada di bawah threshold. Gap utama pada nilai Adaptif. Prioritas IDP: coaching intensif, pelatihan perilaku AKHLAK, dan monitoring atasan.', 'Adaptif', 'Program perbaikan prioritas pada nilai Adaptif: coaching intensif, pelatihan, dan monitoring dua mingguan.', 'Meningkatkan skor Adaptif hingga minimal 3.50 pada periode berikutnya.', 'draft', 14, '2026-06-20 09:30:00'),
(34, 16, 2, '3.94', '3.82', '0.00', '3.78', '3.84', 'Kinerja baik. Gap utama pada nilai Harmonis. Rekomendasi IDP: coaching rutin, target peningkatan perilaku, dan evaluasi berkala.', 'Harmonis', 'Coaching dan evaluasi bulanan untuk meningkatkan konsistensi nilai Harmonis.', 'Meningkatkan skor Harmonis minimal 0.20 pada periode berikutnya.', 'draft', 3, '2026-06-20 09:30:00'),
(35, 17, 2, '4.27', '4.30', '0.00', '4.40', '4.32', 'Kinerja baik. Gap utama pada nilai Amanah. Rekomendasi IDP: coaching rutin, target peningkatan perilaku, dan evaluasi berkala.', 'Amanah', 'Coaching dan evaluasi bulanan untuk meningkatkan konsistensi nilai Amanah.', 'Meningkatkan skor Amanah minimal 0.20 pada periode berikutnya.', 'final', 2, '2026-06-20 09:30:00'),
(36, 18, 2, '3.56', '3.50', '0.00', '3.40', '3.46', 'Skor berada di bawah threshold. Gap utama pada nilai Kolaboratif. Prioritas IDP: coaching intensif, pelatihan perilaku AKHLAK, dan monitoring atasan.', 'Kolaboratif', 'Program perbaikan prioritas pada nilai Kolaboratif: coaching intensif, pelatihan, dan monitoring dua mingguan.', 'Meningkatkan skor Kolaboratif hingga minimal 3.50 pada periode berikutnya.', 'draft', 3, '2026-06-20 09:30:00'),
(37, 1, 3, '3.71', '3.74', '3.73', '0.00', '3.76', 'Kinerja baik. Gap utama pada nilai Harmonis. Rekomendasi IDP: coaching rutin, target peningkatan perilaku, dan evaluasi berkala.', 'Harmonis', 'Coaching dan evaluasi bulanan untuk meningkatkan konsistensi nilai Harmonis.', 'Meningkatkan skor Harmonis minimal 0.20 pada periode berikutnya.', 'final', 2, '2026-06-20 09:30:00'),
(38, 2, 3, '3.58', '3.46', '3.45', '3.42', '3.48', 'Skor berada di bawah threshold. Gap utama pada nilai Amanah. Prioritas IDP: coaching intensif, pelatihan perilaku AKHLAK, dan monitoring atasan.', 'Amanah', 'Program perbaikan prioritas pada nilai Amanah: coaching intensif, pelatihan, dan monitoring dua mingguan.', 'Meningkatkan skor Amanah hingga minimal 3.50 pada periode berikutnya.', 'draft', 7, '2026-06-20 09:30:00'),
(39, 3, 3, '4.39', '4.48', '4.41', '4.52', '4.44', 'Kinerja baik. Gap utama pada nilai Kompeten. Rekomendasi IDP: coaching rutin, target peningkatan perilaku, dan evaluasi berkala.', 'Kompeten', 'Coaching dan evaluasi bulanan untuk meningkatkan konsistensi nilai Kompeten.', 'Meningkatkan skor Kompeten minimal 0.20 pada periode berikutnya.', 'final', 10, '2026-06-20 09:30:00'),
(40, 4, 3, '4.84', '4.72', '0.00', '4.68', '4.74', 'Kinerja sangat baik. Area yang tetap perlu dijaga: Adaptif. Rekomendasi: talent pool, mentoring, dan project leadership.', 'Adaptif', 'Talent pool: penguatan Adaptif, mentoring lintas unit, dan penugasan project strategis.', 'Menjaga skor Adaptif minimal 4.50 dan siap menjadi role model budaya AKHLAK.', 'final', 3, '2026-06-20 09:30:00'),
(41, 5, 3, '4.31', '4.34', '0.00', '4.44', '4.36', 'Kinerja baik. Gap utama pada nilai Kolaboratif. Rekomendasi IDP: coaching rutin, target peningkatan perilaku, dan evaluasi berkala.', 'Kolaboratif', 'Coaching dan evaluasi bulanan untuk meningkatkan konsistensi nilai Kolaboratif.', 'Meningkatkan skor Kolaboratif minimal 0.20 pada periode berikutnya.', 'final', 2, '2026-06-20 09:30:00'),
(42, 6, 3, '4.22', '4.16', '0.00', '4.06', '4.12', 'Kinerja baik. Gap utama pada nilai Adaptif. Rekomendasi IDP: coaching rutin, target peningkatan perilaku, dan evaluasi berkala.', 'Adaptif', 'Coaching dan evaluasi bulanan untuk meningkatkan konsistensi nilai Adaptif.', 'Meningkatkan skor Adaptif minimal 0.20 pada periode berikutnya.', 'draft', 3, '2026-06-20 09:30:00'),
(43, 7, 3, '4.58', '4.61', '4.60', '4.71', '4.63', 'Kinerja sangat baik. Area yang tetap perlu dijaga: Kolaboratif. Rekomendasi: talent pool, mentoring, dan project leadership.', 'Kolaboratif', 'Talent pool: penguatan Kolaboratif, mentoring lintas unit, dan penugasan project strategis.', 'Menjaga skor Kolaboratif minimal 4.50 dan siap menjadi role model budaya AKHLAK.', 'final', 1, '2026-06-20 09:30:00'),
(44, 8, 3, '4.78', '4.66', '0.00', '4.62', '4.68', 'Kinerja sangat baik. Area yang tetap perlu dijaga: Loyal. Rekomendasi: talent pool, mentoring, dan project leadership.', 'Loyal', 'Talent pool: penguatan Loyal, mentoring lintas unit, dan penugasan project strategis.', 'Menjaga skor Loyal minimal 4.50 dan siap menjadi role model budaya AKHLAK.', 'final', 3, '2026-06-20 09:30:00'),
(45, 9, 3, '4.67', '4.76', '0.00', '4.80', '4.72', 'Kinerja sangat baik. Area yang tetap perlu dijaga: Kompeten. Rekomendasi: talent pool, mentoring, dan project leadership.', 'Kompeten', 'Talent pool: penguatan Kompeten, mentoring lintas unit, dan penugasan project strategis.', 'Menjaga skor Kompeten minimal 4.50 dan siap menjadi role model budaya AKHLAK.', 'final', 1, '2026-06-20 09:30:00'),
(46, 10, 3, '3.52', '3.40', '3.39', '3.36', '3.42', 'Skor berada di bawah threshold. Gap utama pada nilai Adaptif. Prioritas IDP: coaching intensif, pelatihan perilaku AKHLAK, dan monitoring atasan.', 'Adaptif', 'Program perbaikan prioritas pada nilai Adaptif: coaching intensif, pelatihan, dan monitoring dua mingguan.', 'Meningkatkan skor Adaptif hingga minimal 3.50 pada periode berikutnya.', 'draft', 3, '2026-06-20 09:30:00'),
(47, 11, 3, '3.99', '4.02', '0.00', '4.12', '4.04', 'Kinerja baik. Gap utama pada nilai Amanah. Rekomendasi IDP: coaching rutin, target peningkatan perilaku, dan evaluasi berkala.', 'Amanah', 'Coaching dan evaluasi bulanan untuk meningkatkan konsistensi nilai Amanah.', 'Meningkatkan skor Amanah minimal 0.20 pada periode berikutnya.', 'final', 2, '2026-06-20 09:30:00'),
(48, 12, 3, '4.44', '4.38', '0.00', '4.28', '4.34', 'Kinerja baik. Gap utama pada nilai Kolaboratif. Rekomendasi IDP: coaching rutin, target peningkatan perilaku, dan evaluasi berkala.', 'Kolaboratif', 'Coaching dan evaluasi bulanan untuk meningkatkan konsistensi nilai Kolaboratif.', 'Meningkatkan skor Kolaboratif minimal 0.20 pada periode berikutnya.', 'draft', 3, '2026-06-20 09:30:00'),
(49, 13, 3, '3.35', '3.38', '0.00', '3.48', '3.40', 'Skor berada di bawah threshold. Gap utama pada nilai Kompeten. Prioritas IDP: coaching intensif, pelatihan perilaku AKHLAK, dan monitoring atasan.', 'Kompeten', 'Program perbaikan prioritas pada nilai Kompeten: coaching intensif, pelatihan, dan monitoring dua mingguan.', 'Meningkatkan skor Kompeten hingga minimal 3.50 pada periode berikutnya.', 'draft', 3, '2026-06-20 09:30:00'),
(50, 14, 3, '4.31', '4.19', '4.18', '4.15', '4.21', 'Kinerja baik. Gap utama pada nilai Loyal. Rekomendasi IDP: coaching rutin, target peningkatan perilaku, dan evaluasi berkala.', 'Loyal', 'Coaching dan evaluasi bulanan untuk meningkatkan konsistensi nilai Loyal.', 'Meningkatkan skor Loyal minimal 0.20 pada periode berikutnya.', 'draft', 7, '2026-06-20 09:30:00'),
(51, 15, 3, '3.44', '3.53', '0.00', '3.57', '3.49', 'Skor berada di bawah threshold. Gap utama pada nilai Adaptif. Prioritas IDP: coaching intensif, pelatihan perilaku AKHLAK, dan monitoring atasan.', 'Adaptif', 'Program perbaikan prioritas pada nilai Adaptif: coaching intensif, pelatihan, dan monitoring dua mingguan.', 'Meningkatkan skor Adaptif hingga minimal 3.50 pada periode berikutnya.', 'draft', 14, '2026-06-20 09:30:00'),
(52, 16, 3, '4.02', '3.90', '0.00', '3.86', '3.92', 'Kinerja baik. Gap utama pada nilai Harmonis. Rekomendasi IDP: coaching rutin, target peningkatan perilaku, dan evaluasi berkala.', 'Harmonis', 'Coaching dan evaluasi bulanan untuk meningkatkan konsistensi nilai Harmonis.', 'Meningkatkan skor Harmonis minimal 0.20 pada periode berikutnya.', 'draft', 3, '2026-06-20 09:30:00'),
(53, 17, 3, '4.35', '4.38', '0.00', '4.48', '4.40', 'Kinerja baik. Gap utama pada nilai Amanah. Rekomendasi IDP: coaching rutin, target peningkatan perilaku, dan evaluasi berkala.', 'Amanah', 'Coaching dan evaluasi bulanan untuk meningkatkan konsistensi nilai Amanah.', 'Meningkatkan skor Amanah minimal 0.20 pada periode berikutnya.', 'final', 2, '2026-06-20 09:30:00'),
(54, 18, 3, '3.62', '3.56', '0.00', '3.46', '3.52', 'Kinerja baik. Gap utama pada nilai Kolaboratif. Rekomendasi IDP: coaching rutin, target peningkatan perilaku, dan evaluasi berkala.', 'Kolaboratif', 'Coaching dan evaluasi bulanan untuk meningkatkan konsistensi nilai Kolaboratif.', 'Meningkatkan skor Kolaboratif minimal 0.20 pada periode berikutnya.', 'draft', 3, '2026-06-20 09:30:00'),
(55, 1, 4, '3.79', '3.82', '3.81', '0.00', '3.84', 'Kinerja baik. Gap utama pada nilai Harmonis. Rekomendasi IDP: coaching rutin, target peningkatan perilaku, dan evaluasi berkala.', 'Harmonis', 'Coaching dan evaluasi bulanan untuk meningkatkan konsistensi nilai Harmonis.', 'Meningkatkan skor Harmonis minimal 0.20 pada periode berikutnya.', 'final', 2, '2026-06-20 09:30:00'),
(56, 2, 4, '3.72', '3.60', '3.59', '3.56', '3.62', 'Kinerja baik. Gap utama pada nilai Amanah. Rekomendasi IDP: coaching rutin, target peningkatan perilaku, dan evaluasi berkala.', 'Amanah', 'Coaching dan evaluasi bulanan untuk meningkatkan konsistensi nilai Amanah.', 'Meningkatkan skor Amanah minimal 0.20 pada periode berikutnya.', 'draft', 7, '2026-06-20 09:30:00'),
(57, 3, 4, '4.47', '4.56', '4.49', '4.60', '4.52', 'Kinerja sangat baik. Area yang tetap perlu dijaga: Kompeten. Rekomendasi: talent pool, mentoring, dan project leadership.', 'Kompeten', 'Talent pool: penguatan Kompeten, mentoring lintas unit, dan penugasan project strategis.', 'Menjaga skor Kompeten minimal 4.50 dan siap menjadi role model budaya AKHLAK.', 'final', 10, '2026-06-20 09:30:00'),
(58, 4, 4, '4.92', '4.80', '0.00', '4.76', '4.82', 'Kinerja sangat baik. Area yang tetap perlu dijaga: Adaptif. Rekomendasi: talent pool, mentoring, dan project leadership.', 'Adaptif', 'Talent pool: penguatan Adaptif, mentoring lintas unit, dan penugasan project strategis.', 'Menjaga skor Adaptif minimal 4.50 dan siap menjadi role model budaya AKHLAK.', 'final', 3, '2026-06-20 09:30:00'),
(59, 5, 4, '4.39', '4.42', '0.00', '4.52', '4.44', 'Kinerja baik. Gap utama pada nilai Kolaboratif. Rekomendasi IDP: coaching rutin, target peningkatan perilaku, dan evaluasi berkala.', 'Kolaboratif', 'Coaching dan evaluasi bulanan untuk meningkatkan konsistensi nilai Kolaboratif.', 'Meningkatkan skor Kolaboratif minimal 0.20 pada periode berikutnya.', 'final', 2, '2026-06-20 09:30:00'),
(60, 6, 4, '4.30', '4.24', '0.00', '4.14', '4.20', 'Kinerja baik. Gap utama pada nilai Adaptif. Rekomendasi IDP: coaching rutin, target peningkatan perilaku, dan evaluasi berkala.', 'Adaptif', 'Coaching dan evaluasi bulanan untuk meningkatkan konsistensi nilai Adaptif.', 'Meningkatkan skor Adaptif minimal 0.20 pada periode berikutnya.', 'draft', 3, '2026-06-20 09:30:00'),
(61, 7, 4, '4.65', '4.68', '4.67', '4.78', '4.70', 'Kinerja sangat baik. Area yang tetap perlu dijaga: Kolaboratif. Rekomendasi: talent pool, mentoring, dan project leadership.', 'Kolaboratif', 'Talent pool: penguatan Kolaboratif, mentoring lintas unit, dan penugasan project strategis.', 'Menjaga skor Kolaboratif minimal 4.50 dan siap menjadi role model budaya AKHLAK.', 'final', 1, '2026-06-20 09:30:00'),
(62, 8, 4, '4.86', '4.74', '0.00', '4.70', '4.76', 'Kinerja sangat baik. Area yang tetap perlu dijaga: Loyal. Rekomendasi: talent pool, mentoring, dan project leadership.', 'Loyal', 'Talent pool: penguatan Loyal, mentoring lintas unit, dan penugasan project strategis.', 'Menjaga skor Loyal minimal 4.50 dan siap menjadi role model budaya AKHLAK.', 'final', 3, '2026-06-20 09:30:00'),
(63, 9, 4, '4.75', '4.84', '0.00', '4.88', '4.80', 'Kinerja sangat baik. Area yang tetap perlu dijaga: Kompeten. Rekomendasi: talent pool, mentoring, dan project leadership.', 'Kompeten', 'Talent pool: penguatan Kompeten, mentoring lintas unit, dan penugasan project strategis.', 'Menjaga skor Kompeten minimal 4.50 dan siap menjadi role model budaya AKHLAK.', 'final', 1, '2026-06-20 09:30:00'),
(64, 10, 4, '3.65', '3.53', '3.52', '3.49', '3.55', 'Kinerja baik. Gap utama pada nilai Adaptif. Rekomendasi IDP: coaching rutin, target peningkatan perilaku, dan evaluasi berkala.', 'Adaptif', 'Coaching dan evaluasi bulanan untuk meningkatkan konsistensi nilai Adaptif.', 'Meningkatkan skor Adaptif minimal 0.20 pada periode berikutnya.', 'draft', 3, '2026-06-20 09:30:00'),
(65, 11, 4, '4.07', '4.10', '0.00', '4.20', '4.12', 'Kinerja baik. Gap utama pada nilai Amanah. Rekomendasi IDP: coaching rutin, target peningkatan perilaku, dan evaluasi berkala.', 'Amanah', 'Coaching dan evaluasi bulanan untuk meningkatkan konsistensi nilai Amanah.', 'Meningkatkan skor Amanah minimal 0.20 pada periode berikutnya.', 'final', 2, '2026-06-20 09:30:00'),
(66, 12, 4, '4.52', '4.46', '0.00', '4.36', '4.42', 'Kinerja baik. Gap utama pada nilai Kolaboratif. Rekomendasi IDP: coaching rutin, target peningkatan perilaku, dan evaluasi berkala.', 'Kolaboratif', 'Coaching dan evaluasi bulanan untuk meningkatkan konsistensi nilai Kolaboratif.', 'Meningkatkan skor Kolaboratif minimal 0.20 pada periode berikutnya.', 'draft', 3, '2026-06-20 09:30:00'),
(67, 13, 4, '3.49', '3.52', '0.00', '3.62', '3.54', 'Kinerja baik. Gap utama pada nilai Kompeten. Rekomendasi IDP: coaching rutin, target peningkatan perilaku, dan evaluasi berkala.', 'Kompeten', 'Coaching dan evaluasi bulanan untuk meningkatkan konsistensi nilai Kompeten.', 'Meningkatkan skor Kompeten minimal 0.20 pada periode berikutnya.', 'final', 3, '2026-06-20 09:30:00'),
(68, 14, 4, '4.39', '4.27', '4.26', '4.23', '4.29', 'Kinerja baik. Gap utama pada nilai Loyal. Rekomendasi IDP: coaching rutin, target peningkatan perilaku, dan evaluasi berkala.', 'Loyal', 'Coaching dan evaluasi bulanan untuk meningkatkan konsistensi nilai Loyal.', 'Meningkatkan skor Loyal minimal 0.20 pada periode berikutnya.', 'draft', 7, '2026-06-20 09:30:00'),
(69, 15, 4, '3.53', '3.62', '0.00', '3.66', '3.58', 'Kinerja baik. Gap utama pada nilai Adaptif. Rekomendasi IDP: coaching rutin, target peningkatan perilaku, dan evaluasi berkala.', 'Adaptif', 'Coaching dan evaluasi bulanan untuk meningkatkan konsistensi nilai Adaptif.', 'Meningkatkan skor Adaptif minimal 0.20 pada periode berikutnya.', 'final', 14, '2026-06-20 09:30:00'),
(70, 16, 4, '4.10', '3.98', '0.00', '3.94', '4.00', 'Kinerja baik. Gap utama pada nilai Harmonis. Rekomendasi IDP: coaching rutin, target peningkatan perilaku, dan evaluasi berkala.', 'Harmonis', 'Coaching dan evaluasi bulanan untuk meningkatkan konsistensi nilai Harmonis.', 'Meningkatkan skor Harmonis minimal 0.20 pada periode berikutnya.', 'draft', 3, '2026-06-20 09:30:00'),
(71, 17, 4, '4.43', '4.46', '0.00', '4.56', '4.48', 'Kinerja baik. Gap utama pada nilai Amanah. Rekomendasi IDP: coaching rutin, target peningkatan perilaku, dan evaluasi berkala.', 'Amanah', 'Coaching dan evaluasi bulanan untuk meningkatkan konsistensi nilai Amanah.', 'Meningkatkan skor Amanah minimal 0.20 pada periode berikutnya.', 'final', 2, '2026-06-20 09:30:00'),
(72, 18, 4, '3.76', '3.70', '0.00', '3.60', '3.66', 'Kinerja baik. Gap utama pada nilai Kolaboratif. Rekomendasi IDP: coaching rutin, target peningkatan perilaku, dan evaluasi berkala.', 'Kolaboratif', 'Coaching dan evaluasi bulanan untuk meningkatkan konsistensi nilai Kolaboratif.', 'Meningkatkan skor Kolaboratif minimal 0.20 pada periode berikutnya.', 'draft', 3, '2026-06-20 09:30:00');

-- --------------------------------------------------------

--
-- Table structure for table `notifications`
--

CREATE TABLE `notifications` (
  `notification_id` int(11) NOT NULL,
  `user_id` int(11) DEFAULT NULL,
  `title` varchar(120) NOT NULL,
  `message` varchar(500) NOT NULL,
  `notification_type` varchar(50) DEFAULT 'info',
  `is_read` tinyint(1) DEFAULT 0,
  `created_at` datetime NOT NULL,
  `created_by` int(11) DEFAULT NULL
) ENGINE=InnoDB DEFAULT CHARSET=utf8mb4 COLLATE=utf8mb4_general_ci;

--
-- Dumping data for table `notifications`
--

INSERT INTO `notifications` (`notification_id`, `user_id`, `title`, `message`, `notification_type`, `is_read`, `created_at`, `created_by`) VALUES
(1, NULL, 'Periode Evaluasi Aktif', 'Periode Evaluasi AKHLAK Semester 1 2026 sedang berlangsung. Harap selesaikan penilaian sesuai batas waktu.', 'period', 0, '2026-06-17 17:25:12', 1),
(2, 8, 'Reminder Penilaian', 'Daffa, masih ada penilaian peer yang perlu diselesaikan sebelum periode ditutup.', 'reminder', 0, '2026-06-17 17:25:12', 1),
(3, 3, 'Validasi Peer Assignment', 'Terdapat daftar peer assignment yang perlu divalidasi oleh atasan.', 'approval', 0, '2026-06-17 17:25:12', 1),
(7, NULL, 'Peer Assignment Diperbarui', 'Admin HR memperbarui daftar penilai silang.', 'assignment', 0, '2026-06-17 17:34:59', 1),
(8, NULL, 'Assessment Submitted', 'Salsabila Kirana telah mengirim Self Assessment untuk Salsabila Kirana.', 'assessment', 0, '2026-06-17 17:35:16', 1),
(9, NULL, 'Peer Assignment Diperbarui', 'Admin HR memperbarui daftar penilai silang.', 'assignment', 0, '2026-06-17 17:40:18', 1),
(10, NULL, 'Assessment Submitted', 'Rama Pratama telah mengirim Self Assessment untuk Rama Pratama.', 'assessment', 0, '2026-06-18 12:28:58', 2),
(11, NULL, 'Assessment Submitted', 'Rama Pratama telah mengirim Penilaian Bawahan untuk Salsabila Kirana.', 'assessment', 0, '2026-06-18 12:29:25', 2),
(12, NULL, 'Assessment Submitted', 'Rama Pratama telah mengirim Self Assessment untuk Rama Pratama.', 'assessment', 0, '2026-06-18 12:29:50', 2),
(13, NULL, 'Assessment Submitted', 'Muhammad Gifary telah mengirim Self Assessment untuk Muhammad Gifary.', 'assessment', 0, '2026-06-18 14:08:42', 1),
(14, NULL, 'Assessment Submitted', 'Muhammad Gifary telah mengirim Self Assessment untuk Muhammad Gifary.', 'assessment', 0, '2026-06-18 14:09:05', 1),
(15, NULL, 'Assessment Submitted', 'Muhammad Gifary telah mengirim Self Assessment untuk Muhammad Gifary.', 'assessment', 0, '2026-06-18 14:09:10', 1),
(16, NULL, 'Periode Evaluasi Aktif', 'Periode Evaluasi AKHLAK Semester 2 2026 telah dibuka.', 'period', 0, '2026-06-18 14:17:12', 1),
(17, NULL, 'Peer Assignment Diperbarui', 'Admin HR memperbarui daftar penilai silang.', 'assignment', 0, '2026-06-18 14:18:10', 1),
(18, NULL, 'Peer Assignment Diperbarui', 'Admin HR memperbarui daftar penilai silang.', 'assignment', 0, '2026-06-18 14:18:17', 1),
(19, NULL, 'Peer Assignment Diperbarui', 'Admin HR memperbarui daftar penilai silang.', 'assignment', 0, '2026-06-18 14:22:18', 1),
(20, NULL, 'Peer Assignment Diperbarui', 'Admin HR memperbarui daftar penilai silang.', 'assignment', 0, '2026-06-18 14:23:12', 1),
(21, NULL, 'Periode Evaluasi Aktif', 'Periode Evaluasi AKHLAK Semester 3 2026 telah dibuka.', 'period', 0, '2026-06-18 14:27:44', 1),
(22, NULL, 'Peer Assignment Diperbarui', 'Admin HR memperbarui daftar penilai silang.', 'assignment', 0, '2026-06-18 14:28:36', 1),
(23, NULL, 'Peer Assignment Diperbarui', 'Admin HR memperbarui daftar penilai silang.', 'assignment', 0, '2026-06-18 14:46:14', 1),
(24, NULL, 'Peer Assignment Diperbarui', 'Admin HR memperbarui daftar penilai silang.', 'assignment', 0, '2026-06-18 14:46:54', 1),
(25, NULL, 'Peer Assignment Diperbarui', 'Admin HR memperbarui daftar penilai silang.', 'assignment', 0, '2026-06-18 14:51:01', 1),
(26, NULL, 'Periode Evaluasi Aktif', 'Periode Evaluasi AKHLAK Semester 1 2026 telah dibuka.', 'period', 0, '2026-06-18 14:52:35', 1),
(27, NULL, 'Sinkronisasi HRIS Berhasil', 'Data karyawan berhasil disinkronkan dari sumber HRIS simulasi.', 'hris', 1, '2026-06-20 08:30:00', 1),
(28, NULL, 'Reminder H-3 Periode Evaluasi', 'Periode evaluasi akan berakhir dalam 3 hari. Pengguna yang belum submit diminta segera menyelesaikan assessment.', 'reminder', 0, '2026-06-27 08:00:00', 1),
(29, 2, 'Validasi Peer Assignment', 'Masih terdapat peer assignment pending yang perlu divalidasi oleh atasan.', 'approval', 0, '2026-06-20 09:15:00', 1),
(30, 3, 'Progress Tim Rendah', 'Beberapa anggota tim belum menyelesaikan assessment periode berjalan.', 'reminder', 0, '2026-06-20 09:20:00', 1),
(31, 8, 'Assessment Belum Lengkap', 'Masih terdapat penilaian yang belum dikirim. Silakan cek halaman Isi Assessment.', 'assessment', 0, '2026-06-20 09:25:00', 1),
(32, 14, 'Assessment Belum Lengkap', 'Masih terdapat penilaian yang belum dikirim. Silakan cek halaman Isi Assessment.', 'assessment', 0, '2026-06-20 09:27:00', 1),
(33, 7, 'Laporan Organisasi Siap', 'Report & IDP organisasi periode evaluasi sudah dapat diakses.', 'report', 0, '2026-06-20 10:00:00', 1),
(34, 9, 'Pegawai Threshold Terdeteksi', 'Terdapat pegawai dengan skor di bawah threshold yang perlu perhatian manajemen.', 'threshold', 0, '2026-06-20 10:15:00', 1),
(35, 2, 'IDP Bawahan Perlu Diisi', 'Ada bawahan dengan status IDP belum final. Mohon lengkapi rekomendasi pengembangan.', 'idp', 0, '2026-06-20 10:20:00', 1),
(36, 16, 'Validasi Peer Assignment', 'Terdapat assignment Supply Chain yang memerlukan validasi.', 'approval', 0, '2026-06-20 10:25:00', 1),
(37, NULL, 'Periode Evaluasi Aktif', 'Periode Evaluasi AKHLAK Semester 4 2027 telah dibuka.', 'period', 0, '2026-06-25 22:45:17', 1),
(38, NULL, 'Sinkronisasi Data HRIS Berhasil', 'Data master karyawan berhasil disinkronkan. Total karyawan aktif: 18.', 'employee', 0, '2026-06-26 01:11:07', 1);

-- --------------------------------------------------------

--
-- Table structure for table `peer_assignments`
--

CREATE TABLE `peer_assignments` (
  `peer_assignment_id` int(11) NOT NULL,
  `employee_id` int(11) NOT NULL,
  `peer_employee_id` int(11) NOT NULL,
  `period_id` int(11) NOT NULL,
  `approval_status` varchar(30) DEFAULT 'pending',
  `approved_by` varchar(100) DEFAULT NULL
) ENGINE=InnoDB DEFAULT CHARSET=utf8mb4 COLLATE=utf8mb4_general_ci;

--
-- Dumping data for table `peer_assignments`
--

INSERT INTO `peer_assignments` (`peer_assignment_id`, `employee_id`, `peer_employee_id`, `period_id`, `approval_status`, `approved_by`) VALUES
(1, 4, 5, 1, 'cancelled', 'Dimas Nugraha'),
(2, 4, 6, 1, 'cancelled', 'Dimas Nugraha'),
(3, 5, 4, 1, 'approved', 'Dimas Nugraha'),
(4, 6, 4, 1, 'approved', 'Dimas Nugraha'),
(5, 8, 4, 1, 'approved', 'Dimas Nugraha'),
(6, 8, 5, 1, 'pending', NULL),
(7, 3, 4, 1, 'approved', 'Muhammad Gifary'),
(8, 3, 8, 1, 'cancelled', 'Muhammad Gifary'),
(12, 8, 9, 3, 'approved', NULL),
(13, 9, 8, 3, 'approved', 'Rama'),
(15, 3, 1, 3, 'approved', NULL),
(16, 2, 1, 3, 'approved', NULL),
(17, 1, 11, 1, 'approved', 'Muhammad Gifary'),
(18, 2, 17, 1, 'approved', 'Asep Dendeng'),
(19, 3, 16, 1, 'approved', 'Joko Knalpot'),
(20, 4, 3, 1, 'approved', 'Dimas Nugraha'),
(21, 5, 15, 1, 'approved', 'Rama Pratama'),
(22, 6, 13, 1, 'approved', 'Dimas Nugraha'),
(23, 7, 9, 1, 'approved', 'Muhammad Gifary'),
(24, 8, 3, 1, 'approved', 'Dimas Nugraha'),
(25, 9, 10, 1, 'approved', 'Muhammad Gifary'),
(26, 10, 13, 1, 'approved', 'Dimas Nugraha'),
(27, 11, 17, 1, 'approved', 'Rama Pratama'),
(28, 12, 3, 1, 'approved', 'Dimas Nugraha'),
(29, 13, 9, 1, 'approved', 'Dimas Nugraha'),
(30, 14, 5, 1, 'approved', 'Asep Dendeng'),
(31, 15, 14, 1, 'approved', 'Arief Setiawan'),
(32, 16, 3, 1, 'approved', 'Dimas Nugraha'),
(33, 17, 11, 1, 'approved', 'Rama Pratama'),
(34, 18, 10, 1, 'approved', 'Dimas Nugraha'),
(35, 1, 11, 2, 'approved', 'Muhammad Gifary'),
(36, 2, 17, 2, 'rejected', 'Asep Dendeng'),
(37, 3, 16, 2, 'approved', 'Joko Knalpot'),
(38, 4, 3, 2, 'approved', 'Dimas Nugraha'),
(39, 5, 15, 2, 'approved', 'Rama Pratama'),
(40, 6, 13, 2, 'approved', 'Dimas Nugraha'),
(41, 7, 9, 2, 'approved', 'Muhammad Gifary'),
(42, 8, 3, 2, 'approved', 'Dimas Nugraha'),
(43, 9, 10, 2, 'approved', 'Muhammad Gifary'),
(44, 10, 13, 2, 'approved', 'Dimas Nugraha'),
(45, 11, 17, 2, 'approved', 'Rama Pratama'),
(46, 12, 3, 2, 'approved', 'Dimas Nugraha'),
(47, 13, 9, 2, 'approved', 'Dimas Nugraha'),
(48, 14, 5, 2, 'approved', 'Asep Dendeng'),
(49, 15, 14, 2, 'rejected', 'Arief Setiawan'),
(50, 16, 3, 2, 'approved', 'Dimas Nugraha'),
(51, 17, 11, 2, 'approved', 'Rama Pratama'),
(52, 18, 10, 2, 'approved', 'Dimas Nugraha'),
(53, 1, 11, 3, 'approved', 'Muhammad Gifary'),
(54, 2, 17, 3, 'approved', 'Asep Dendeng'),
(55, 3, 16, 3, 'approved', 'Joko Knalpot'),
(56, 4, 3, 3, 'approved', 'Dimas Nugraha'),
(57, 5, 15, 3, 'approved', 'Rama Pratama'),
(58, 6, 13, 3, 'approved', 'Dimas Nugraha'),
(59, 7, 9, 3, 'approved', 'Muhammad Gifary'),
(60, 8, 3, 3, 'approved', 'Dimas Nugraha'),
(61, 9, 10, 3, 'approved', 'Muhammad Gifary'),
(62, 10, 13, 3, 'approved', 'Dimas Nugraha'),
(63, 11, 17, 3, 'approved', 'Rama Pratama'),
(64, 12, 3, 3, 'approved', 'Dimas Nugraha'),
(65, 13, 9, 3, 'approved', 'Dimas Nugraha'),
(66, 14, 5, 3, 'approved', 'Asep Dendeng'),
(67, 15, 14, 3, 'approved', 'Arief Setiawan'),
(68, 16, 3, 3, 'approved', 'Dimas Nugraha'),
(69, 17, 11, 3, 'approved', 'Rama Pratama'),
(70, 18, 10, 3, 'approved', 'Dimas Nugraha'),
(71, 1, 11, 4, 'approved', 'Muhammad Gifary'),
(72, 2, 17, 4, 'approved', 'Asep Dendeng'),
(73, 3, 16, 4, 'approved', 'Joko Knalpot'),
(74, 4, 3, 4, 'approved', 'Dimas Nugraha'),
(75, 5, 15, 4, 'approved', 'Rama Pratama'),
(76, 6, 13, 4, 'approved', 'Dimas Nugraha'),
(77, 7, 9, 4, 'approved', 'Muhammad Gifary'),
(78, 8, 3, 4, 'approved', 'Dimas Nugraha'),
(79, 9, 10, 4, 'approved', 'Muhammad Gifary'),
(80, 10, 13, 4, 'pending', NULL),
(81, 11, 17, 4, 'approved', 'Rama Pratama'),
(82, 12, 3, 4, 'approved', 'Dimas Nugraha'),
(83, 13, 9, 4, 'pending', NULL),
(84, 14, 5, 4, 'approved', 'Asep Dendeng'),
(85, 15, 14, 4, 'pending', NULL),
(86, 16, 3, 4, 'approved', 'Dimas Nugraha'),
(87, 17, 11, 4, 'approved', 'Rama Pratama'),
(88, 18, 10, 4, 'approved', 'Dimas Nugraha');

-- --------------------------------------------------------

--
-- Table structure for table `positions`
--

CREATE TABLE `positions` (
  `position_id` int(11) NOT NULL,
  `position_name` varchar(100) NOT NULL,
  `position_level` varchar(50) NOT NULL
) ENGINE=InnoDB DEFAULT CHARSET=utf8mb4 COLLATE=utf8mb4_general_ci;

--
-- Dumping data for table `positions`
--

INSERT INTO `positions` (`position_id`, `position_name`, `position_level`) VALUES
(1, 'Admin HRIS', 'Admin HR'),
(2, 'Staff', 'Staff'),
(3, 'Atasan / Manager', 'Atasan'),
(4, 'Manajemen', 'Manajemen'),
(5, 'HR Development Officer', 'Admin HR'),
(6, 'Procurement Analyst', 'Staff'),
(7, 'Finance Analyst', 'Staff'),
(8, 'Operations Manager', 'Atasan'),
(9, 'Process Engineer', 'Staff');

-- --------------------------------------------------------

--
-- Table structure for table `questions`
--

CREATE TABLE `questions` (
  `question_id` int(11) NOT NULL,
  `akhlak_id` int(11) NOT NULL,
  `question_text` varchar(500) NOT NULL,
  `question_category` varchar(80) DEFAULT 'Perilaku',
  `question_status` varchar(30) DEFAULT 'active'
) ENGINE=InnoDB DEFAULT CHARSET=utf8mb4 COLLATE=utf8mb4_general_ci;

--
-- Dumping data for table `questions`
--

INSERT INTO `questions` (`question_id`, `akhlak_id`, `question_text`, `question_category`, `question_status`) VALUES
(1, 1, 'Karyawan menunjukkan integritas dalam menjalankan pekerjaan dan menjaga kepercayaan perusahaan.', 'Perilaku', 'active'),
(2, 1, 'Karyawan bertanggung jawab terhadap hasil kerja dan komitmen yang sudah disepakati.', 'Perilaku', 'active'),
(3, 2, 'Karyawan mampu menyelesaikan pekerjaan sesuai standar kompetensi jabatannya.', 'Kompetensi', 'active'),
(4, 2, 'Karyawan aktif belajar untuk meningkatkan kemampuan kerja.', 'Kompetensi', 'active'),
(5, 3, 'Karyawan mampu menjaga hubungan kerja yang saling menghargai.', 'Perilaku', 'active'),
(6, 3, 'Karyawan peduli terhadap kondisi rekan kerja dan lingkungan kerja.', 'Perilaku', 'active'),
(7, 4, 'Karyawan menunjukkan dedikasi terhadap target dan kepentingan perusahaan.', 'Perilaku', 'active'),
(8, 4, 'Karyawan menjaga nama baik perusahaan dalam aktivitas kerja.', 'Perilaku', 'active'),
(9, 5, 'Karyawan mampu menyesuaikan diri terhadap perubahan proses kerja.', 'Perilaku', 'active'),
(10, 5, 'Karyawan memberikan ide perbaikan atau inovasi pada pekerjaan.', 'Kompetensi', 'active'),
(11, 6, 'Karyawan aktif bekerja sama dengan unit lain untuk menyelesaikan pekerjaan.', 'Perilaku', 'active'),
(12, 6, 'Karyawan terbuka menerima masukan dan mendukung pencapaian target tim.', 'Perilaku', 'active'),
(13, 6, 'testing', 'Perilaku', 'inactive');

-- --------------------------------------------------------

--
-- Table structure for table `roles`
--

CREATE TABLE `roles` (
  `role_id` int(11) NOT NULL,
  `role_name` varchar(50) NOT NULL,
  `role_description` varchar(255) DEFAULT NULL
) ENGINE=InnoDB DEFAULT CHARSET=utf8mb4 COLLATE=utf8mb4_general_ci;

--
-- Dumping data for table `roles`
--

INSERT INTO `roles` (`role_id`, `role_name`, `role_description`) VALUES
(1, 'admin_hr', 'Mengelola master data, periode, pertanyaan, assignment, notifikasi, dan report'),
(2, 'staff', 'Mengisi assessment dan melihat dashboard serta report pribadi'),
(3, 'atasan', 'Memvalidasi penilai, melihat dashboard tim, dan membuat IDP bawahan'),
(4, 'manajemen', 'Melihat dashboard eksekutif, top score, gap, talent mapping, dan laporan perusahaan');

-- --------------------------------------------------------

--
-- Table structure for table `users`
--

CREATE TABLE `users` (
  `user_id` int(11) NOT NULL,
  `role_id` int(11) NOT NULL,
  `employee_id` int(11) NOT NULL,
  `username` varchar(80) NOT NULL,
  `password` varchar(255) NOT NULL,
  `last_login` datetime DEFAULT NULL,
  `account_status` varchar(30) DEFAULT 'active'
) ENGINE=InnoDB DEFAULT CHARSET=utf8mb4 COLLATE=utf8mb4_general_ci;

--
-- Dumping data for table `users`
--

INSERT INTO `users` (`user_id`, `role_id`, `employee_id`, `username`, `password`, `last_login`, `account_status`) VALUES
(1, 1, 1, 'gifary', '123123', '2026-06-26 00:53:25', 'active'),
(2, 3, 2, 'rama', '123123', '2026-06-26 00:48:50', 'active'),
(3, 3, 3, 'dadang', '123123', '2026-06-26 00:49:42', 'active'),
(4, 2, 4, 'nadia', '123123', '2026-06-17 18:45:57', 'active'),
(5, 2, 5, 'bima', '123123', NULL, 'active'),
(6, 2, 6, 'intan', '123123', NULL, 'active'),
(7, 4, 7, 'manajemen', '123123', '2026-06-17 21:31:26', 'active'),
(8, 2, 8, 'daffa', '123123', '2026-06-25 22:45:34', 'active'),
(9, 4, 9, 'anggit', '123123', '2026-06-18 14:27:57', 'active'),
(12, 2, 10, 'joko', '123123', NULL, 'active'),
(13, 2, 11, 'slamet', '123123', NULL, 'active'),
(14, 2, 12, 'tatang', '123123', NULL, 'active'),
(15, 2, 13, 'jaya', '123123', NULL, 'active'),
(16, 3, 14, 'yudi', '123123', '2026-06-26 00:52:22', 'active'),
(17, 2, 15, 'Agus', '123123', NULL, 'active'),
(18, 2, 16, 'Tono', '123123', NULL, 'active'),
(19, 2, 17, 'badrun', '123123', NULL, 'active'),
(20, 2, 18, 'bambang', '123123', NULL, 'active');

--
-- Indexes for dumped tables
--

--
-- Indexes for table `akhlak_values`
--
ALTER TABLE `akhlak_values`
  ADD PRIMARY KEY (`akhlak_id`);

--
-- Indexes for table `assessments`
--
ALTER TABLE `assessments`
  ADD PRIMARY KEY (`assessment_id`),
  ADD UNIQUE KEY `uq_assessment_once` (`evaluator_id`,`evaluatee_id`,`period_id`,`assessment_type`),
  ADD KEY `fk_assess_evaluatee` (`evaluatee_id`),
  ADD KEY `fk_assess_period` (`period_id`);

--
-- Indexes for table `assessment_details`
--
ALTER TABLE `assessment_details`
  ADD PRIMARY KEY (`assessment_detail_id`),
  ADD UNIQUE KEY `uq_answer` (`assessment_id`,`question_id`),
  ADD KEY `fk_detail_question` (`question_id`);

--
-- Indexes for table `audit_logs`
--
ALTER TABLE `audit_logs`
  ADD PRIMARY KEY (`log_id`),
  ADD KEY `fk_audit_user` (`user_id`);

--
-- Indexes for table `departments`
--
ALTER TABLE `departments`
  ADD PRIMARY KEY (`department_id`);

--
-- Indexes for table `employees`
--
ALTER TABLE `employees`
  ADD PRIMARY KEY (`employee_id`),
  ADD UNIQUE KEY `employee_nik` (`employee_nik`),
  ADD UNIQUE KEY `employee_email` (`employee_email`),
  ADD KEY `fk_emp_dept` (`department_id`),
  ADD KEY `fk_emp_pos` (`position_id`),
  ADD KEY `fk_emp_supervisor` (`supervisor_id`);

--
-- Indexes for table `evaluation_periods`
--
ALTER TABLE `evaluation_periods`
  ADD PRIMARY KEY (`period_id`);

--
-- Indexes for table `final_results`
--
ALTER TABLE `final_results`
  ADD PRIMARY KEY (`result_id`),
  ADD UNIQUE KEY `uq_result` (`employee_id`,`period_id`),
  ADD KEY `fk_result_period` (`period_id`);

--
-- Indexes for table `notifications`
--
ALTER TABLE `notifications`
  ADD PRIMARY KEY (`notification_id`),
  ADD KEY `fk_notif_user` (`user_id`),
  ADD KEY `fk_notif_creator` (`created_by`);

--
-- Indexes for table `peer_assignments`
--
ALTER TABLE `peer_assignments`
  ADD PRIMARY KEY (`peer_assignment_id`),
  ADD UNIQUE KEY `uq_peer_assignment` (`employee_id`,`peer_employee_id`,`period_id`),
  ADD KEY `fk_peer_peer` (`peer_employee_id`),
  ADD KEY `fk_peer_period` (`period_id`);

--
-- Indexes for table `positions`
--
ALTER TABLE `positions`
  ADD PRIMARY KEY (`position_id`);

--
-- Indexes for table `questions`
--
ALTER TABLE `questions`
  ADD PRIMARY KEY (`question_id`),
  ADD KEY `fk_question_akhlak` (`akhlak_id`);

--
-- Indexes for table `roles`
--
ALTER TABLE `roles`
  ADD PRIMARY KEY (`role_id`),
  ADD UNIQUE KEY `role_name` (`role_name`);

--
-- Indexes for table `users`
--
ALTER TABLE `users`
  ADD PRIMARY KEY (`user_id`),
  ADD UNIQUE KEY `employee_id` (`employee_id`),
  ADD UNIQUE KEY `username` (`username`),
  ADD KEY `fk_user_role` (`role_id`);

--
-- AUTO_INCREMENT for dumped tables
--

--
-- AUTO_INCREMENT for table `akhlak_values`
--
ALTER TABLE `akhlak_values`
  MODIFY `akhlak_id` int(11) NOT NULL AUTO_INCREMENT, AUTO_INCREMENT=7;

--
-- AUTO_INCREMENT for table `assessments`
--
ALTER TABLE `assessments`
  MODIFY `assessment_id` int(11) NOT NULL AUTO_INCREMENT, AUTO_INCREMENT=232;

--
-- AUTO_INCREMENT for table `assessment_details`
--
ALTER TABLE `assessment_details`
  MODIFY `assessment_detail_id` int(11) NOT NULL AUTO_INCREMENT, AUTO_INCREMENT=2827;

--
-- AUTO_INCREMENT for table `audit_logs`
--
ALTER TABLE `audit_logs`
  MODIFY `log_id` int(11) NOT NULL AUTO_INCREMENT, AUTO_INCREMENT=198;

--
-- AUTO_INCREMENT for table `departments`
--
ALTER TABLE `departments`
  MODIFY `department_id` int(11) NOT NULL AUTO_INCREMENT, AUTO_INCREMENT=6;

--
-- AUTO_INCREMENT for table `employees`
--
ALTER TABLE `employees`
  MODIFY `employee_id` int(11) NOT NULL AUTO_INCREMENT, AUTO_INCREMENT=19;

--
-- AUTO_INCREMENT for table `evaluation_periods`
--
ALTER TABLE `evaluation_periods`
  MODIFY `period_id` int(11) NOT NULL AUTO_INCREMENT, AUTO_INCREMENT=5;

--
-- AUTO_INCREMENT for table `final_results`
--
ALTER TABLE `final_results`
  MODIFY `result_id` int(11) NOT NULL AUTO_INCREMENT, AUTO_INCREMENT=73;

--
-- AUTO_INCREMENT for table `notifications`
--
ALTER TABLE `notifications`
  MODIFY `notification_id` int(11) NOT NULL AUTO_INCREMENT, AUTO_INCREMENT=39;

--
-- AUTO_INCREMENT for table `peer_assignments`
--
ALTER TABLE `peer_assignments`
  MODIFY `peer_assignment_id` int(11) NOT NULL AUTO_INCREMENT, AUTO_INCREMENT=89;

--
-- AUTO_INCREMENT for table `positions`
--
ALTER TABLE `positions`
  MODIFY `position_id` int(11) NOT NULL AUTO_INCREMENT, AUTO_INCREMENT=10;

--
-- AUTO_INCREMENT for table `questions`
--
ALTER TABLE `questions`
  MODIFY `question_id` int(11) NOT NULL AUTO_INCREMENT, AUTO_INCREMENT=14;

--
-- AUTO_INCREMENT for table `roles`
--
ALTER TABLE `roles`
  MODIFY `role_id` int(11) NOT NULL AUTO_INCREMENT, AUTO_INCREMENT=5;

--
-- AUTO_INCREMENT for table `users`
--
ALTER TABLE `users`
  MODIFY `user_id` int(11) NOT NULL AUTO_INCREMENT, AUTO_INCREMENT=21;

--
-- Constraints for dumped tables
--

--
-- Constraints for table `assessments`
--
ALTER TABLE `assessments`
  ADD CONSTRAINT `fk_assess_evaluatee` FOREIGN KEY (`evaluatee_id`) REFERENCES `employees` (`employee_id`),
  ADD CONSTRAINT `fk_assess_evaluator` FOREIGN KEY (`evaluator_id`) REFERENCES `employees` (`employee_id`),
  ADD CONSTRAINT `fk_assess_period` FOREIGN KEY (`period_id`) REFERENCES `evaluation_periods` (`period_id`);

--
-- Constraints for table `assessment_details`
--
ALTER TABLE `assessment_details`
  ADD CONSTRAINT `fk_detail_assessment` FOREIGN KEY (`assessment_id`) REFERENCES `assessments` (`assessment_id`) ON DELETE CASCADE,
  ADD CONSTRAINT `fk_detail_question` FOREIGN KEY (`question_id`) REFERENCES `questions` (`question_id`);

--
-- Constraints for table `audit_logs`
--
ALTER TABLE `audit_logs`
  ADD CONSTRAINT `fk_audit_user` FOREIGN KEY (`user_id`) REFERENCES `users` (`user_id`);

--
-- Constraints for table `employees`
--
ALTER TABLE `employees`
  ADD CONSTRAINT `fk_emp_dept` FOREIGN KEY (`department_id`) REFERENCES `departments` (`department_id`),
  ADD CONSTRAINT `fk_emp_pos` FOREIGN KEY (`position_id`) REFERENCES `positions` (`position_id`),
  ADD CONSTRAINT `fk_emp_supervisor` FOREIGN KEY (`supervisor_id`) REFERENCES `employees` (`employee_id`) ON DELETE SET NULL;

--
-- Constraints for table `final_results`
--
ALTER TABLE `final_results`
  ADD CONSTRAINT `fk_result_employee` FOREIGN KEY (`employee_id`) REFERENCES `employees` (`employee_id`),
  ADD CONSTRAINT `fk_result_period` FOREIGN KEY (`period_id`) REFERENCES `evaluation_periods` (`period_id`);

--
-- Constraints for table `notifications`
--
ALTER TABLE `notifications`
  ADD CONSTRAINT `fk_notif_creator` FOREIGN KEY (`created_by`) REFERENCES `users` (`user_id`) ON DELETE SET NULL,
  ADD CONSTRAINT `fk_notif_user` FOREIGN KEY (`user_id`) REFERENCES `users` (`user_id`) ON DELETE CASCADE;

--
-- Constraints for table `peer_assignments`
--
ALTER TABLE `peer_assignments`
  ADD CONSTRAINT `fk_peer_employee` FOREIGN KEY (`employee_id`) REFERENCES `employees` (`employee_id`),
  ADD CONSTRAINT `fk_peer_peer` FOREIGN KEY (`peer_employee_id`) REFERENCES `employees` (`employee_id`),
  ADD CONSTRAINT `fk_peer_period` FOREIGN KEY (`period_id`) REFERENCES `evaluation_periods` (`period_id`);

--
-- Constraints for table `questions`
--
ALTER TABLE `questions`
  ADD CONSTRAINT `fk_question_akhlak` FOREIGN KEY (`akhlak_id`) REFERENCES `akhlak_values` (`akhlak_id`);

--
-- Constraints for table `users`
--
ALTER TABLE `users`
  ADD CONSTRAINT `fk_user_employee` FOREIGN KEY (`employee_id`) REFERENCES `employees` (`employee_id`) ON DELETE CASCADE,
  ADD CONSTRAINT `fk_user_role` FOREIGN KEY (`role_id`) REFERENCES `roles` (`role_id`);
COMMIT;

/*!40101 SET CHARACTER_SET_CLIENT=@OLD_CHARACTER_SET_CLIENT */;
/*!40101 SET CHARACTER_SET_RESULTS=@OLD_CHARACTER_SET_RESULTS */;
/*!40101 SET COLLATION_CONNECTION=@OLD_COLLATION_CONNECTION */;
